"id","name","gamesPlayed","timeOnIce","garSixty"
"8049aad2-6905-4196-b41c-c6a50a68cc3f","aaron ekblad","230","5264.46","-0.09"
"49f74c34-aaa9-4a65-9d08-2e9b2bfb0766","adam clendening","36","569.6","0.04"
"d9577e73-2094-42a6-86e0-ca86d6fa3165","adam erne","112","1198.16","0.04"
"ef668d33-dad6-4626-8338-63a00e75051d","adam gaudette","58","636.46","-0.14"
"dc188c17-5274-428a-aa7b-057c72b1cbde","adam henrique","247","4319.63","0.04"
"8aa43805-6451-4c58-b5a3-cfcb6b510a3a","adam larsson","235","5022.13","-0.04"
"c67cd42f-4ec9-4824-8970-3a269e1ccc26","adam lowry","220","3332.3","0.22"
"72faba3e-d9f9-4c06-b790-415dfc28a262","adam pelech","197","3633","0.04"
"91f3409a-de96-4623-901d-8cd745622b84","adrian kempe","189","2588.97","0.04"
"2f191586-f5bb-4e24-9895-d278baa8f675","alan quine","95","1133.69","-0.04"
"5ad3e835-0466-4d55-a1d9-c8d01e957633","alec martinez","221","4873.89","-0.04"
"bdc9e557-f7d3-43b1-8b95-dd11b8e2708f","aleksander barkov","220","4711.14","0.4"
"0ffedd16-8719-4657-b668-b96d3f1c6d48","alex biega","119","1825.14","-0.18"
"8fc7f79a-611f-4784-aac2-0d5723eefac2","alex chiasson","233","3201.76","-0.04"
"e9965d63-2f99-4244-9f9a-3f3e1ef2e93f","alex debrincat","160","2591","0.76"
"41444290-6178-4010-8c16-fe3055af50db","alex edler","191","4650.57","-0.04"
"953df126-7106-4f92-8d03-25a63ff2d09c","alex galchenyuk","218","3491.23","-0.04"
"bf9d7262-0222-430d-b5d5-a806dd99ff5e","alex goligoski","233","5244.75","0"
"51dcfc03-7ef4-4579-bf71-76b222873389","alex iafallo","158","2522.15","0.04"
"b2ad2691-014c-48e5-9f44-49560175fe8d","alex kerfoot","159","2217.08","0.4"
"a9e87b31-baed-40de-8108-4d5862296ed4","alex killorn","260","4273.93","0.09"
"d0836ff0-e517-44bc-89c0-2e6c2dd29595","alex ovechkin","278","5522.15","0.68"
"aeefd8cc-1921-40e0-845a-f40d881a0bf3","alex petrovic","151","2449.77","-0.14"
"344df34a-852d-4de2-b36f-f1a295dadb27","alex pietrangelo","238","5998.55","0.04"
"d2b5abda-21cc-4bf8-a101-7d6813b90db6","alex radulov","232","4515.08","0.22"
"dd3187f8-8af0-45d7-8440-06445f451779","alex steen","225","4080.52","0"
"dc0db44b-0c12-4383-9141-f25e618613c9","alex tuch","169","2684.83","0.22"
"c9b86ed4-b7b7-47b3-8f47-a53fd364cf9e","alex wennberg","228","3931.26","0.04"
"3cf11eaa-71ab-4893-a325-dce41ede2a9d","anders bjork","50","606.4","-0.14"
"4981ffd8-797d-43bb-8fc9-7ae7d07aba94","anders lee","242","4033.7","0.45"
"8bff1b21-3597-489a-be25-cd64c55c5f58","andreas athanasiou","208","3191.32","0.27"
"f25b325a-0e0b-4b5f-8cd1-191975036adb","andreas borgman","48","657","-0.14"
"aaee9c01-68ac-4044-8528-19d34ba8bb05","andreas johnsson","86","1140.75","0.36"
"e4b043fc-991d-45ec-b39b-bbed3a2f3b9a","andreas martinsen","99","961.62","-0.22"
"c67e3eb6-51a5-4795-acf4-11a6325c1941","andre burakovsky","218","2748.22","0.09"
"5cf1c145-50e9-4fb6-b100-2188e2b3fa1a","andrei svechnikov","79","1155.92","0.36"
"4804af6d-fa40-4e5b-a544-7d8c1fc22f5e","andrej sekera","149","2903.87","0.04"
"daf7f249-5162-4c9d-92df-8695a6b676a6","andrew cogliano","259","3708.32","0.09"
"642a6b02-c31f-43b4-8891-a8d378cc069e","andrew copp","229","2914.78","0.18"
"844beeff-f76f-4673-b847-72c2a4603713","andrew ladd","176","2769.2","0.22"
"7f835940-f1e1-4f7a-bd28-fbbd432c4a8d","andrew macdonald","192","3662.05","-0.14"
"44a25ca3-3a13-4033-a8fe-acc616d466b6","andrew mangiapane","53","538.63","0.18"
"79b6588f-2495-4367-94c7-316a61d520d8","andrew shaw","184","2867.65","0.09"
"f775680e-215b-4e62-86d9-de9b3401ac49","andy andreoff","81","804","-0.22"
"e78bb72b-4ab7-44f1-97a8-f4a970cb7ec0","andy greene","232","4934.15","-0.04"
"adefa47b-2efe-4493-bedf-26e82f89a378","andy welinski","36","565.8","-0.36"
"29e088ad-fa85-4ae3-821d-c470bf7a56a1","anthony beauvillier","215","3039.16","0.14"
"22ddfd6e-6d95-4e13-b93e-c7f6a0fac7e9","anthony bitetto","95","1174","-0.22"
"7d12d91d-d1af-4f5c-91f7-abfc78861ab0","anthony cirelli","115","1655.1","0.27"
"486104dd-e0f5-44d6-ba1e-d05968a35602","anthony deangelo","39","666.6","-0.22"
"4d6e931c-d4c3-48eb-9465-096eaad7f83e","anthony duclair","186","2425.75","0.04"
"4302e2a5-780f-40fb-ac28-af67b8dd0650","anthony mantha","204","3473.29","0.27"
"d57b70c3-587a-4564-abf9-0babc8798f52","antoine roussel","198","2732.93","0.18"
"39df2536-a6a7-4795-bfd6-cfd4763c12c6","anton lindholm","60","809.14","0"
"5d7afa77-4e96-47c9-9f22-d5e93e8e0663","anton stralman","216","4711.09","0.04"
"a6da503a-3161-45af-9868-86b708783715","anze kopitar","241","5254.6","0.27"
"dc7677d6-2dcc-428b-bd0d-84ba333f5bb8","artem anisimov","214","3622.28","-0.04"
"4766f050-1700-4759-a118-bc3822dd39ab","artemi panarin","249","4978.72","0.36"
"bd6f76ec-b36c-4178-8ebb-c25a42f7df5b","artturi lehkonen","224","3416.66","0.22"
"f817cbf6-4178-4ab6-b654-ad11ed0f2e90","austin czarnik","111","1339.38","0.18"
"cc763984-1878-4202-bc74-098c3cdd6eda","austin wagner","60","532.85","0.5"
"b16df974-83a6-45d9-8349-488be563e812","austin watson","222","2873.74","0.09"
"c7e17374-c005-435f-980c-4877a45024ee","auston matthews","223","4036.95","0.63"
"6a9b18e0-e0c9-49d0-a9fd-196c112ff9dd","barclay goodrow","129","1414.38","0.04"
"053fe49a-e40a-460e-8737-101a4fb73fa1","ben chiarot","208","3424.98","-0.09"
"a34ee5ac-c838-4a38-a155-b2e894f05b6b","ben harpur","106","1762.84","-0.18"
"b3085ebd-8f9c-40bd-bb7f-c363d054e8f9","ben hutton","198","4063.37","-0.14"
"2c7f7471-877a-48f6-92a0-16855636d73f","blake coleman","183","2796.74","0.18"
"8a595262-9b7b-4761-9535-7e24ee6d1761","blake comeau","237","3675.9","0.04"
"3744196f-9971-4986-bf46-0d568def01ed","blake wheeler","260","5292.49","0.36"
"95f6ece9-a308-488d-8dbf-ad1b88d99a31","bobby ryan","219","3505.86","0"
"67e13482-49b7-4482-b8d4-d4729fce2abc","bo horvat","223","4327.37","0.18"
"4b3aab3a-b5db-4ac8-99cb-c9ed46284de5","boone jenner","242","4027.49","0"
"4106687f-19c1-4759-ba75-cd09524206be","boo nieves","70","692.2","-0.09"
"b361e70a-66db-4711-b63b-193cc2b5e441","brad hunt","97","1510.59","0.04"
"6073ce66-15f0-430c-a665-caac2f3f715f","brad marchand","245","4832.9","0.54"
"4b2de4eb-667b-46d7-aaa7-2db1d846ef96","brad richardson","155","2370.58","0.09"
"260b67c3-31ed-4cfd-954e-ca088de7c003","brady skjei","250","4960.43","0"
"23bea467-45f5-4edc-8972-65dfc280708f","brady tkachuk","68","1085.43","0.32"
"add64b86-74d4-41ef-93e7-fc1649036b37","brandon carlo","229","4654.15","0"
"209a6b7b-f107-420f-8b1e-2b27a67c70ae","brandon davidson","101","1614.8","-0.04"
"533b76cf-f57e-476c-b5f9-8e68ad4b97f3","brandon dubinsky","211","3258.75","0"
"3d942a57-bf22-4d0c-a5aa-c23b9125cb16","brandon manning","175","3025.12","-0.04"
"f9923865-4383-4a3d-9324-a7f2fb98cc31","brandon montour","207","4310.19","-0.04"
"6126499e-b611-4436-ad57-ed612ed0f330","brandon pirri","89","1154.9","0.36"
"2335592f-161f-4995-b5e9-03e089bc5a53","brandon saad","245","4259.33","0.18"
"f3d36a97-9faf-4453-9195-10c3af8bccca","brandon sutter","167","3018","0.04"
"fa56e270-b60f-4871-a0e7-a960b60e07d6","brandon tanev","209","2672.2","0.04"
"a9136db1-e95d-48f2-9791-1b6942bb8f48","brayden mcnabb","223","4198.62","0"
"3e8100b5-e646-4a3a-bedb-40b862b92604","brayden point","245","4570.81","0.54"
"7fcb3fb7-685e-4579-8f6d-f1373f792099","brayden schenn","231","4327.19","0.18"
"f4c41604-a5a5-4781-9266-c83cc1f865ff","braydon coburn","241","3888.69","-0.04"
"83cd4ae7-342b-4f53-8853-7debcc0ef7fc","brendan gallagher","231","3685.35","0.45"
"0a48809d-74c4-4b0f-b937-122380f3e94d","brendan gaunce","94","1033.47","-0.09"
"db9c2de2-0d19-4236-a988-1f44b4fcd2d6","brendan leipsic","120","1616.3","0.09"
"d9c049f4-fc45-4bd0-a09f-ac399587a0e7","brendan lemieux","61","542.68","0.86"
"0aeabd38-20af-41fa-8f8d-54c99b6d7a5d","brendan perlini","195","2659.6","0"
"52c1c37a-5845-47ab-ba5d-933d19ac1b3d","brendan smith","168","2917.06","-0.09"
"50f94dfe-d4c2-4764-b128-1ea20c79e83f","brenden dillon","257","4399.88","0"
"8085ac0e-6efb-428e-9e42-d1c8bb8b9586","brent burns","259","6492.83","0.14"
"1701bf52-3b0c-4516-a634-774ea26a5319","brent seabrook","239","4889.86","-0.14"
"6ae928cd-634b-4665-90b6-adcc1037b9c8","brett connolly","244","2915.33","0.54"
"15a10fac-5973-4a6e-8d75-112c3115091e","brett howden","64","948.97","-0.4"
"42a6fcb6-b2e2-4dc3-8874-cb7e78159c33","brett kulak","146","2173.83","0.04"
"da48a92e-67eb-48c0-8596-28598dbee7e6","brett pesce","217","4526.77","0.09"
"3a5bb657-5aad-475d-bd8b-32f8d0509682","brett ritchie","201","2272.63","0"
"e367d175-8c9b-4a54-bd91-94e7a21f5310","brett seney","50","517.22","-0.04"
"9487b22b-edb0-4d0b-ade0-fefa227fc94c","brian dumoulin","263","5487.85","0.14"
"c0494579-f46d-40ed-ba5d-5a77f2ab4623","brian gibbons","122","1527.82","0.09"
"ac266ec5-0940-4966-9d12-a2401a2b21a4","brock boeser","136","2473.89","0.58"
"825d0615-ac3d-4f63-8dae-a25b63132ca7","brock mcginn","216","2978.38","0.09"
"e5de4f1e-d34d-4c5a-a19a-e7f26c891597","brock nelson","242","3898.94","0.04"
"545f0439-e022-4151-bcc5-a67d49d207ce","bryan little","238","3946.32","0.18"
"361c5393-02fc-4e46-af0c-2827dfd8529a","bryan rust","231","3540.7","0.22"
"dab52ca8-5772-41b5-868f-3037d22ab4b3","byron froese","54","618.95","0"
"4429cafb-7ba1-4873-b3c7-c5a0f8266ef6","cal clutterbuck","212","2860.41","0"
"79281593-01f4-434d-838e-1d3ecd937282","calle jarnkrok","253","3983.65","0.14"
"7159119e-79f8-4713-96b3-d8581b898c2c","calvin de haan","188","3599.02","0"
"f43570d7-977d-4117-b814-9d19bce5b407","cam atkinson","235","4467.16","0.36"
"51746ea7-51af-433b-9bc6-ea35253c6f5d","cam fowler","217","5325","0"
"2f34505a-df53-4eda-8811-07fc071ded29","carl dahlstrom","48","881.53","0"
"66ca8b93-0f52-498f-91c3-b1fc4737be05","carl gunnarsson","153","2272.47","0.09"
"f5ba89d3-3001-4372-929c-7ed9483d2216","carl hagelin","221","3349.31","0.18"
"03325ade-0b65-489a-a376-ea572b9f10c6","carl soderberg","241","3859.77","0"
"5e1b23b9-5e61-47c4-bc91-d522b9a28fcb","carter rowney","154","1734.19","0"
"7652af6e-9ca1-4a70-b195-5dbbcb87b750","casey cizikas","193","2638.27","0.18"
"489d4816-b968-4bcc-9640-8c159a53fc11","casey mittelstadt","81","1097.3","-0.14"
"c6cad983-1b3d-4a8e-b946-a7c1f3dbe5d5","casey nelson","84","1384.47","0.04"
"53af952c-ab38-4ec5-8993-1aaf961b01c0","cedric paquette","210","2387.57","0.04"
"05b432d8-5226-4844-a234-7ee381567eb4","chad ruhwedel","114","1833.71","0.04"
"e693e2bb-7b92-4063-8bde-180b4e935bfa","chandler stephenson","153","1909.41","-0.04"
"03cd70b8-1456-4ac7-a6af-0fa96b7ecc74","charles hudon","104","1383.58","0.09"
"29256fdc-f59e-4308-9b3b-ef200439116e","charlie coyle","237","3940.63","0.04"
"567e9604-0583-4e20-8ba8-9b7fe8403884","charlie mcavoy","134","3012.14","0.14"
"0a042e2e-91f4-47d0-a7e7-1e0ae2c27d38","chris kreider","222","3722.61","0.32"
"4676199a-0f8a-4f95-bd6b-13ae7942644a","chris tanev","149","2998.84","-0.04"
"7341f5b5-7df4-41d2-b653-75a870b90963","christian djoos","126","1679.27","0.09"
"c7bcc170-72d1-40e0-a328-9d40c45d2079","christian dvorak","173","2741.92","0"
"ea730f9b-cf53-4003-bb46-a8e62f7fd126","christian fischer","155","2090.48","0.22"
"e78c8a87-ae38-45c8-8231-71638e2e66aa","christian folin","164","2522.8","-0.04"
"ee42811f-d5b7-4022-9fb2-a40ce5f05587","christian jaros","58","834.23","-0.14"
"d475c423-6c60-4991-86f8-1b5516a2227d","christian wolanin","39","644.8","0.04"
"91dd0d79-0f73-4844-b470-63c0c9822f20","chris tierney","255","4031.36","0.04"
"ac1d7ead-b6ae-41ca-8cf5-5494a17d1f04","christoffer ehn","58","606.25","-0.09"
"8465b69d-bfd6-421e-b52c-ae3827469189","chris wagner","215","2660.6","-0.04"
"9802dead-c1d2-4079-9dc1-a5d6a5f0920a","chris wideman","132","1767.26","0"
"e19240bb-29de-4674-8a06-cf6a0026fd4e","claude giroux","249","5043.18","0.5"
"b61c452e-b0ff-490f-8f79-553c92dbcd7c","clayton keller","161","2926.29","0.09"
"ada8de44-0b99-419e-84f2-b59c2410a08d","cody ceci","251","5786.36","-0.14"
"e1118da1-8b70-46ed-a8cf-ab1a513cea89","cody eakin","235","3602.37","0"
"74ee3ef3-3534-4584-b280-4a974b77c4b2","cody goloubef","33","560.65","-0.04"
"d6d04e6c-8d9d-4525-b4a7-6330cb06809d","colby cave","51","619.85","0.14"
"a2e6bd91-686a-4eae-8a3f-23b270204595","colin miller","229","4201.28","0.14"
"b90a670f-5caa-43f2-9a31-090f1bfa9930","colin white","89","1375.15","0.04"
"721fd790-2266-4f47-8433-ea8835e211d4","colin wilson","208","2898.6","0.14"
"153c678e-9f38-4ce4-9a5a-c3f995bb13b5","colton parayko","254","5655.08","0.18"
"e94d29ea-c755-41b1-80c0-c4c9312dbed7","colton sceviour","213","2890.7","-0.04"
"1bfad3f5-eb0c-4b09-bbfb-96c747b34d2c","colton sissons","246","3647.38","0.14"
"2d13dc09-9af6-41cd-b1ec-87f98b1cbdb2","connor brown","257","3890.38","-0.09"
"c64bae68-1a54-451d-b7ba-e9d1db9e2515","connor carrick","152","2411.7","-0.09"
"8872f7b9-91f1-4a4a-9dd0-ff621188fe17","connor mcdavid","253","5535.37","0.76"
"2cfdf201-dd3c-4b33-bc20-edf1183a863c","connor murphy","201","3663.76","0"
"1e780cfa-601e-420e-a78a-c0f5d1da9708","conor garland","45","575.1","0"
"22a595d8-31d2-4c79-94e9-bc3b134aee69","conor sheary","250","3643.96","0.09"
"5b984cb0-534a-4723-90ea-e033f09f881a","corey perry","204","3535.72","0.18"
"56b26a8c-3fb7-4bd3-b45c-eb13e7bbc52f","craig smith","253","3725.66","0.18"
"f38213df-6ecb-48a0-8849-1e87eee22a44","curtis lazar","103","985.94","-0.09"
"0cb259ac-cd93-4268-91ce-81ecb80242dc","curtis mckenzie","53","575.12","0.36"
"6e6930f7-fbc5-416a-81af-53d90b71d1a4","dale weise","163","1926.13","0.04"
"ab0bf04f-e6b6-4584-a65a-105151bf000b","dalton prout","47","651.96","-0.14"
"19657d45-cc68-450e-91fc-d766f0e89ad5","damon severson","240","4959.33","-0.09"
"c33d61df-33cf-4c13-a733-14704f6a435b","dan hamhuis","213","4017.89","-0.04"
"0153899b-37e3-48d8-92c5-e34330690408","daniel carr","71","799.51","0.18"
"773adce8-df4f-4fed-ab5d-548c27e52184","daniel sprong","69","836.25","0.14"
"37efe685-89e5-4c81-9de7-5512d7f77c2a","danton heinen","169","2418.72","0.27"
"a1443e63-7002-40a0-adcb-79c7813d3e49","darnell nurse","219","4705.45","-0.14"
"946e91f9-10f9-49cd-80fe-5ab2b4ee3ceb","darren helm","183","2780.19","0.04"
"8287071a-ce1e-4fdd-960d-930696bb5bb7","david backes","217","3289.79","0.09"
"cf0a727f-1c99-4da2-b5e6-8aae0f61b77d","david kampf","106","1427.4","0.04"
"7a1bc952-e97c-4749-8933-5fd9ab7c3c20","david krejci","241","4241.05","0.18"
"ea2406b3-d1f0-4b58-b61f-00ba67c86380","david pastrnak","239","4378.18","0.68"
"910ef055-307c-4aec-8fd6-c931dc68eea5","david perron","232","3987.11","0.18"
"07716f6b-6030-49de-aa9b-4e7a7dc640fe","david savard","245","4983.33","0.04"
"1b378cf9-3594-4dd9-99cc-314d090d040a","denis malgin","147","1867.27","0.18"
"04e7ac52-2ee2-4c96-b37b-0eeabe468d61","dennis cholowski","52","949.17","0"
"71af649e-d814-4d1b-881f-dd7ad9edb3dd","derek forbort","239","4913.81","-0.14"
"8e4814a5-b6fc-4fec-9c61-9fa82d879ba0","derek grant","171","1857.36","0"
"1e373e9e-59e3-4007-8b25-2edcb89475be","derek ryan","226","3334.76","0.22"
"18ba5b23-d8ce-4c1f-8871-312fba74c026","derek stepan","244","4670.73","0.14"
"2217efb4-d581-4782-9a4e-18309fa1bfe9","derick brassard","251","4203.21","0.04"
"37228b65-1d19-4666-adf0-ed2373e4e124","derrick pouliot","142","2461.01","-0.14"
"fca2a8d9-14e6-40e5-80fd-1fce6785f5ee","deryk engelland","255","4975.42","-0.09"
"3fd0c303-090a-4a45-ab55-8809bda3dc14","devin shore","239","3495.47","0"
"c8ed89de-e4d4-4918-bed7-55251002df59","devon toews","45","805.4","0.09"
"6c1a8807-ce15-496c-92bb-ac60f2c37acf","dmitry kulikov","165","2958.59","-0.04"
"b5b8fc9b-7a16-4a44-a2ab-7213fad89501","dmitry orlov","279","6047.34","0.04"
"18af0c0a-6c42-4cac-b4c4-7c8f7da86df2","dominik kahun","78","1108.1","0.04"
"b1cd5abc-21a0-4f79-965a-852d8ea93ff6","dominik simon","110","1394.98","0.18"
"48371904-d85a-412b-8700-e799e5138526","dougie hamilton","246","5000.85","0.27"
"27202060-f42d-43c6-b899-f2dee81c9a65","drake caggiula","192","2653.98","0.04"
"24faf7a8-64df-4b5a-bb2f-46e5cffa9186","drew doughty","247","6640.16","0.04"
"25eb7831-e75b-4954-a058-2793f96e9ad5","duncan keith","244","5898.7","-0.18"
"b3b0cbed-ecce-4466-b9ff-a0dab16bf0d8","dustin brown","235","4407.29","0.14"
"a84b3a78-9ce9-47fb-85f4-7c53d1171980","dustin byfuglien","206","5300.32","0.04"
"a36cc51b-6193-4e3d-a753-358df2f57440","dylan demelo","172","2870.15","-0.09"
"e22a8868-c9bd-4c08-8ea2-a187b1ed51de","dylan larkin","235","4513.45","0.14"
"1f58e37d-1202-45ac-bfe3-d2f3626f7c39","dylan strome","102","1559.75","0.14"
"c04f97bd-61e2-494d-96ec-1b242d4b04e9","elias lindholm","232","4339.55","0.14"
"55138040-a9b6-4776-bd77-8a1ed4e839f7","elias pettersson","68","1243.53","0.94"
"f7e42ad4-015e-4c7d-9ae2-ddb09a321dae","eric staal","253","4604.08","0.36"
"80e4e87e-a319-4e8e-95c9-fbb0550ba045","erik cernak","56","1078.43","0.04"
"d8bfc2a4-8a13-4ebb-907c-3546144077d1","erik gudbranson","155","2901.08","0"
"42e69073-739a-4970-8da7-457e431993f2","erik gustafsson","110","2337.43","0.18"
"effb85cf-1b88-400a-8d30-eae6aa78eaee","erik haula","186","2925.64","0.27"
"cd736a39-5df2-4c40-9c82-85d90f1b1ac7","erik johnson","184","4258.77","-0.04"
"e8710bce-5185-41c5-b237-b23999c08163","erik karlsson","219","5775.2","0.09"
"182949f0-076c-4391-a759-f9c329692596","esa lindell","233","5312.59","-0.09"
"36c85728-a93f-48f3-84b9-0c8010dd3917","evander kane","230","4379.01","0.09"
"1ea99037-4e46-45e4-9868-cea2c422b11b","evan rodrigues","150","2198.75","0.14"
"2ef8d488-25b0-4ade-9e6c-77722ff8f734","evgeni malkin","240","4494.93","0.54"
"5af37ad1-d372-4ed1-a4da-dad3cab6204f","evgeny dadonov","154","2852.24","0.14"
"82d0d047-d435-4385-bc86-b7d7bf737888","evgeny kuznetsov","270","4981.53","0.09"
"8a8446bb-29ce-47d7-a143-6cc1da23e49e","filip chytil","84","1156.43","-0.04"
"239d5d16-d056-4782-9c9e-6aec252a5647","filip forsberg","245","4492.61","0.32"
"0fe45266-c873-43ab-9654-23f2bab3eb4e","filip hronek","44","878.77","0.04"
"3814f4c2-5297-400f-b9c1-49cc1ff7f65e","frank vatrano","170","2267.46","0.14"
"a1ebbe3a-b41e-4e34-9966-12d7cc8ed33b","frans nielsen","229","3789.7","0.09"
"b2c5de09-6e0d-4a70-98ae-fa542c757733","frederick gaudreau","91","839.55","0.36"
"b713c9d0-a05d-4a8c-af42-f07526b94b79","frederik gauthier","98","846.71","0"
"23948904-b0c1-4982-86e6-604c895c10db","fredrik claesson","147","2240.5","0.09"
"b289ad88-b881-4e05-b9a0-f4614e966efe","gabriel bourque","116","1202.85","-0.27"
"359c1e12-848d-4052-b830-5835b28bcff8","gabriel dumont","69","648.4","0.14"
"812c7a40-e394-40e6-9dc1-78e1623354e2","gabriel landeskog","226","4517.17","0.18"
"877dea42-4df4-496e-a671-25b9d064c121","garnet hathaway","159","1692.15","0.04"
"6d2657a3-e9a8-4a48-aac6-3064228832b0","gemel smith","80","807.05","0.09"
"aa372e16-0b35-45ac-b24f-1ab5ba3d6251","greg mckegg","111","1130.14","0"
"a7622cf3-0a47-431d-9d6f-3f8769241232","greg pateryn","187","3316.86","0.09"
"7bdb5cd8-191e-4e14-8072-3238c7a5afdd","gustav forsling","119","2030.02","-0.22"
"5072b538-c2a3-47ef-b68a-705ce83e12ea","gustav nyquist","236","4163.23","0.18"
"d3a5b990-589a-43b8-aafd-5319995770b2","gustav olofsson","54","699","0.32"
"eecaf674-159c-469d-bd3f-e8e1d53a3a3e","hampus lindholm","230","5299.8","0.04"
"6ed8092e-e901-42d6-9e7c-ca20cbee92c5","haydn fleury","85","1351.29","-0.18"
"c6f464a5-cfe6-4aff-ab05-7c7981fbf16f","henri jokiharju","37","704.22","-0.14"
"d0ea0589-0f15-4436-a0f4-107bc273e7a2","henrik borgstrom","48","580.58","0.22"
"bb72860c-c0cb-45a1-975e-09e17ccf5b2e","ian cole","246","4707.92","-0.04"
"9f4115d9-ff18-4589-beba-a1789c2d2e35","ian mccoshen","57","825.95","-0.09"
"f4457218-3fbb-411f-a650-bfcc91484d3b","ilya kovalchuk","62","1007.57","-0.27"
"3d3034ca-c632-47b3-890f-5e47f6da9745","ilya lyubushkin","40","547.3","-0.14"
"2eb292dc-2bc8-464d-a731-f4660a596528","ivan barbashev","167","1972.55","0.22"
"80338440-2e9c-4c8a-a061-313b044b138e","ivan provorov","249","5915.18","-0.09"
"ba638262-a4ff-4ca6-a1d8-3c2d6abf070a","jaccob slavin","243","5589.37","0.14"
"a953db5f-271c-4a1d-afb8-a2a9dd219c02","jack eichel","203","4097.18","0.22"
"70dd1410-32cf-46c9-8a28-a12c5a94d6e6","jack johnson","244","4971.47","-0.09"
"3f956abe-dcff-4122-be66-1d5306fe6724","jack roslovic","116","1219.18","0.18"
"f4596b85-9faf-422b-ac18-249e0b812cd6","jacob de la rose","124","1436.19","-0.22"
"1faac6d5-beff-4dfc-961a-e63bc60a6ab5","jacob larsson","47","802.97","-0.18"
"26b20a8c-86cc-42fe-970c-cdb1ba7d152f","jacob trouba","212","4900.99","0"
"eebf0bd7-a832-4299-b0a7-8c0de01ff08a","jaden schwartz","218","4130.86","0.27"
"72b09b42-f4b1-4fb0-bc9e-2d393b0e1ab8","jake debrusk","148","2248","0.54"
"f096f8c5-b123-4e33-b0ce-b514e7316d82","jake gardiner","237","5214.35","-0.04"
"34818c03-541e-4417-b11a-1f7eacf8908b","jake guentzel","239","4188.77","0.45"
"e37492f6-f333-4376-a30e-cb4d05af847e","jake mccabe","186","3681.76","0"
"a17deaa0-63c8-47a4-a46c-8a10fa2fa0df","jake muzzin","238","5177.9","0.04"
"d50d7825-fe39-4e49-b684-35dd1dbdf91b","jake virtanen","151","1980.56","-0.14"
"783b497b-754d-4ce3-9ff5-b877e1f8e6bf","jakob chychrun","170","3200.85","-0.04"
"58cd0804-7be2-4189-a88b-a6ae00a4f418","jakob silfverberg","248","4461.53","0.22"
"4473f15a-a030-440d-9a42-3a045096a4e1","jakub voracek","245","4666.67","0.22"
"47dd6486-577f-4881-953b-ddf47f216f1c","jakub vrana","195","2519.25","0.32"
"cdf47757-b9bb-43d5-a97b-c650e010da10","james neal","243","4071.96","0.14"
"05fc7ed0-3c4a-4ab7-a9d5-711aff8615bd","jamie benn","236","4523","0.22"
"e2764d01-b6bb-4c8d-8c20-3d649045c5c6","jamie oleksiak","176","2770.07","0.04"
"a168802e-47a3-4b82-a389-61bee0ad5f0f","jan rutta","92","1634.88","-0.04"
"8b022409-01cd-44e1-af0e-55215b149fac","jared mccann","173","2334.67","0.09"
"915307b7-7be4-4d41-8fec-6c12227a6dc5","jared spurgeon","227","5494.42","0.22"
"1415e6ca-d6d3-4854-8b46-a243117d69c1","jason demers","182","3685.29","-0.09"
"c52013fb-97fc-4383-b36a-33face6b40c2","jason dickinson","102","1217.5","0.04"
"d2c27afa-da86-4734-add3-973f7ddd1d03","jason spezza","220","3094.89","0.14"
"615309e8-82a7-4b18-8b04-aff14c46c932","jason zucker","250","4118.97","0.36"
"0a9dd300-1e09-4713-b591-922f4b35505f","jay beagle","249","3256.91","-0.22"
"865b67b4-4008-44cb-a343-546ba2ac8805","jay bouwmeester","203","4359.83","-0.18"
"bee65638-18a0-4ed5-bde6-beec9facc40b","jayson megna","58","721.18","0.09"
"c220847b-e918-48e2-a824-437bcb8dec15","jean-gabriel pageau","215","3618.83","0"
"2805f767-aa23-4a7d-a17f-c54d17761536","jeff carter","187","3387.31","-0.04"
"cda8bb90-a1d1-4e7c-beab-3846f273b293","jeff petry","247","5664.85","0.04"
"005149e6-51e6-4aaa-850b-de0d238c3e4a","jeff skinner","241","4256.68","0.5"
"719d4ef4-0a62-4435-81dc-104d79a24b28","jesper bratt","126","1916.7","0.04"
"3ffc75eb-e646-4314-91e5-2a977944ed78","jesper fast","217","3212.05","0.04"
"7350442e-af53-4514-99be-671b2ab3c6ec","jesperi kotkaniemi","76","1053.35","0.22"
"bc65ca43-cfbd-4864-9c8a-3f8ea2ef6f1c","jimmy vesey","250","3665.67","0"
"b0286b5b-c997-4cd2-afd1-c2f8b450332b","joakim nordstrom","225","2751.96","-0.09"
"9d20e5f0-58ae-4568-9010-e399c106610c","joakim ryan","108","1628.07","0"
"ad7e043e-5a24-4ef1-9dfd-e86f61e62e9e","joel armia","203","2856.3","0.09"
"e3ea4839-a1b7-4e18-ac55-95842a0ca2f4","joel edmundson","211","4096.13","-0.09"
"76e4db68-33b5-41df-a53c-d8664199d4e5","joel eriksson ek","154","1955.99","0.22"
"64efa753-75ec-4e81-bbc9-ee52cc86fa40","joe pavelski","251","4834.25","0.45"
"16630f39-7692-4927-8c55-a9f21dd842f9","joe thornton","200","3445.97","0.27"
"bab85827-ef5b-4d71-a853-1f60310e72bb","johan larsson","187","2747.08","-0.18"
"b1a028f1-c6ff-40ad-930d-dc0d5c022feb","john carlson","268","6505.2","0.09"
"7ed1a4ed-b47c-45b0-bf86-72f941302e28","john gilmour","33","561.31","0.18"
"91eedbbb-de6a-422b-9835-17446eec4486","john hayden","111","1125.36","0"
"47f2a90f-e313-4d16-9460-d403738b7f05","john klingberg","224","5371.42","0.14"
"102b0678-083e-4451-ab50-1e18e9ca43bb","john moore","210","4052.38","-0.14"
"8b563658-3f90-4eac-a76b-0d39515463ae","johnny boychuk","196","3894.25","-0.04"
"8f18fb6d-1b5b-4a3e-b626-2e442f589dbc","johnny gaudreau","236","4564.15","0.32"
"4a43c56b-7c23-48b7-852a-af152d0a011b","john tavares","239","4735.04","0.45"
"fd95287f-ce1b-4d41-9d36-f2eb069d9265","jonas brodin","231","4766.4","0.14"
"f6f1c278-6030-4bde-af97-ee12bbffc05e","jonathan drouin","228","3978.04","0.14"
"ab3e20aa-e25e-4866-8aa3-424a793663cb","jonathan ericsson","183","3415.5","-0.18"
"1df38210-4606-477d-8e3f-eba5ec28e574","jonathan huberdeau","193","3634.69","0.22"
"cdf81a78-7fe2-4b72-8ebf-daf1b6339623","jonathan marchessault","251","4429.32","0.27"
"7f3dffe1-1322-4e39-8041-6b16d1c006a4","jonathan toews","228","4628.78","0.14"
"8a4179dd-e95f-49f8-9f74-f65109882788","jon merrill","149","2611.78","0.09"
"08b56c44-8810-4211-ac20-ca474181c1d5","jonny brodzinski","54","535.4","-0.04"
"0079115b-143f-4b50-96b7-b929165e1ef7","joonas donskoi","219","3076.57","0.27"
"e42c3a4c-1969-4479-a3d0-9fdf0d45c4f7","jordan eberle","251","4106.95","0.32"
"0c801d35-1689-4eb0-832a-39ded0edc9ac","jordan greenway","90","1211.08","-0.04"
"f9e58e7e-50bf-483b-8638-4f47f1d4dd18","jordan martinook","237","3489.93","0.04"
"a8e854c8-b0d4-45a3-a3dc-b233a8ed3b9a","jordan oesterle","124","2431.4","0"
"c1d7f881-14dc-4b0c-9b52-49e711711778","jordan schmaltz","43","510.72","-0.04"
"5e420274-4a27-4b6a-9117-87fb636d44b4","jordan staal","201","3782.02","0.4"
"11ffc1c5-09b5-4b0b-a485-159b2b70c4f5","jordan weal","153","2039.41","0.27"
"2be90db6-01d3-46cc-a722-33f2707ccf61","jordie benn","232","4305.53","0.04"
"bee8a17a-be53-4113-aaeb-fc0912de254d","josh anderson","231","3584.33","0.14"
"9d27aef5-e5c3-4ff9-9d7d-f603a41e2bb9","josh archibald","121","1523.1","-0.18"
"c983c680-e6bf-4b9b-8847-08738dd8a026","josh bailey","237","4195.9","0.09"
"70b23995-dadc-4500-9cb6-159a004494dd","josh leivo","103","1363.62","0.27"
"8742b9d7-0e9a-4127-814d-212b475f40c4","josh manson","256","5215.75","0.09"
"684629bf-e3f7-439b-929d-caec1f8200a1","josh morrissey","238","4899.84","0.09"
"6e42b400-785f-4fc5-b37e-efd5c5e5b55d","joshua ho-sang","53","804.96","0.32"
"eec507bb-bfb7-4f14-9589-915e69f5f071","jujhar khaira","139","1724.14","-0.09"
"011c31f5-a972-4613-b7a0-4bbec9eae1de","julius honka","87","1214","0.09"
"147f2194-ab2c-4fbd-9d05-e9ee4b16530e","justin abdelkader","209","3384.23","-0.04"
"cc35069d-d338-4dd5-93a4-712341c1d408","justin braun","253","5225.7","-0.09"
"14c6e7ab-6d8f-4ef5-bd4a-a4bdf42f5307","justin faulk","230","5193.72","-0.04"
"2bb5e9a7-1012-48ef-80fb-beca3995a0ce","justin schultz","201","4057.54","0.04"
"361f51a6-2b69-4f83-bf0c-5c0e36b5141c","juuso riikola","37","617.33","0"
"dbee0964-efc3-40f8-baed-8dc58dd74152","karl alzner","180","3535.25","-0.04"
"cf1a2958-59df-4d70-9558-1c2b9c627b51","kasperi kapanen","135","1914.14","0.14"
"9eaf58ab-6b25-4a37-98ca-fff701a7ae00","keith yandle","244","5615.45","-0.04"
"f139b25f-237f-448a-b549-05d5d366f430","kenny agostino","68","867.01","0.14"
"55d3240d-23ac-4ab2-8eaf-4dbf0b86eacb","kevan miller","182","3436.8","0"
"416a241a-422c-4963-a051-e343bfee694f","kevin connauton","145","2303.32","-0.18"
"6e6c7e47-21cc-43ec-8fbb-0d5245c31100","kevin fiala","231","3434.16","0.27"
"fff07e13-4709-466a-a8e8-977ea65c9e55","kevin gravel","101","1452.1","0.04"
"a87e87f4-e090-4e5a-9714-dc8895ddfc16","kevin hayes","233","4060.3","0.14"
"7617dc86-5d0a-4d1e-8752-f91fd35649e2","kevin labanc","221","3102.3","0.14"
"d72c5a74-f660-46ba-8165-df5e55914107","kevin shattenkirk","210","4109.77","-0.04"
"bb6e4bac-562f-4c5f-80b7-5c6330b50632","kiefer sherwood","49","556.42","0.04"
"87b55d8b-9bc5-4833-8542-635f2d6a11a7","korbinian holzer","74","1008.94","-0.32"
"6640c9a9-62e9-44b9-a6e9-91d4a0302bd8","kris letang","195","4981.72","0.18"
"5c9f1b11-0031-43aa-a8a9-2be7196cb633","kris russell","229","4647","0"
"144028bf-56bb-48ee-83fb-27195dabbee8","kyle clifford","197","2070.78","0.14"
"66363099-65ee-4548-9872-15121437f486","kyle connor","193","3364.76","0.18"
"46f1af58-305e-4141-bb0a-ffe1e9d520cd","kyle okposo","217","3577.21","0"
"32ec5ad3-0dc9-451b-841c-181d3d73c733","kyle palmieri","221","3891.46","0.5"
"7a20693c-c165-4672-bee1-c8bd6be861d8","kyle turris","239","4223.87","0.22"
"e1aa9390-e72f-4909-ac3e-c11a55f98e92","lars eller","276","4227.32","0.09"
"7e9ad34d-5bea-4af2-b6a9-3fd9e3c47d4d","lawrence pilut","31","544.55","0.04"
"86c5126c-aaf9-48dc-92e3-966873fcef39","lawson crouse","161","1983.74","0"
"bb250335-5e67-4388-9065-e7aaf051db3e","leo komarov","243","3806.46","-0.09"
"cc60592e-d4ca-4ff2-8554-b6d3fdd84c17","leon draisaitl","253","5109.81","0.54"
"2cafc637-129f-403c-9a71-28e0183946a8","lias andersson","47","509.99","-0.4"
"2a266d24-f876-4d93-a5dd-840f622018aa","logan couture","245","4490.45","0.5"
"7df33ade-aa54-4859-a6df-1867f59c1434","loui eriksson","193","3124.77","0.04"
"cb0aae64-7d22-489a-a606-90da8894728c","luca sbisa","132","2456.07","-0.04"
"c2fcbe56-a59c-4e4f-a5d2-79888ff0c8ef","lucas wallmark","97","1346.46","0.32"
"f6356460-361c-4a99-b457-4ab2c37b5e51","luke glendening","220","3084.15","-0.18"
"ae360858-4ded-4f6b-ba05-a3764ea1fdb4","luke kunin","66","989.11","-0.09"
"58c37bbd-a046-4a75-a709-5f72ffc20a7c","luke schenn","165","2768.64","-0.22"
"a0d538c9-3db0-4d86-b87a-08a1b2c8c542","luke witkowski","97","856.26","-0.18"
"fc1893bb-4e78-4443-958e-7d4bfc6ffc8e","mackenzie weegar","122","1920.33","0.18"
"ab1c1885-f03b-4175-90cb-f876301845ad","madison bowey","99","1423.23","-0.18"
"537f6a87-dc6d-4df1-8db5-6b7d82fd3bfa","marc-edouard vlasic","241","5252.28","0"
"4a11943d-40b7-4c69-b3e4-f80d32434450","marco scandella","221","4437.4","-0.09"
"52cab30e-3e25-4bbb-ab25-9f1414af3c2d","marc staal","233","4436.17","-0.14"
"f3c57f4d-2f83-4ccb-be7c-60b927c0ed6f","marcus foligno","242","3083","0.18"
"ef811a0a-5408-494d-8d47-fdc3851d8415","marcus johansson","183","3056.83","0.18"
"524da73a-7b05-4a52-90c5-7135c9b6335f","marcus pettersson","108","1718.42","0.04"
"6ac14c7c-cb8e-48bb-806c-a88d0e7a8b01","marcus sorensen","145","1706.76","0.22"
"cf2dde3a-a11e-417d-81bb-949ca7ad2b07","mario kempe","69","772.76","0.09"
"c31a63b0-c74e-44e3-9946-7449028b7c3c","mark barberio","124","2206.91","-0.09"
"c9941afe-4d86-431c-98a9-44a40243fec4","mark borowiecki","175","2550.27","-0.04"
"3590ef23-78c7-4830-98e0-5a345f8687ea","mark giordano","243","5887.78","0.14"
"0e8bca0f-4ce0-4a8b-bf52-19521b71655f","mark jankowski","149","1941.27","0.09"
"659218e5-3e5d-4cda-a0e2-4914bd3bea23","mark letestu","177","2421.15","0.04"
"52384dfd-fc3a-44f8-8c17-2ce382665897","marko dano","61","571.32","0.14"
"88466246-af2c-4c9e-baaa-e31261c4845a","mark pysyk","232","4307.28","0.04"
"86893711-9207-4ac0-a0a3-fc0ea655ae8f","mark scheifele","236","4974.67","0.5"
"3c205f22-6dce-426d-9507-99e97fd5cd78","mark stone","223","4404.96","0.68"
"e1e97f62-6fea-4cb9-aa99-359aba16b9ff","markus granlund","195","3150.93","0.09"
"1587dbf0-f8e7-4267-a134-882b1b996fd4","markus hannikainen","86","773.22","0.04"
"cf94340e-6ba8-43a7-8f8b-74a22977bc3b","markus nutivaara","212","3334.09","0.04"
"46a75c91-cc17-45f0-8cad-0cf1962e4c3f","martin frk","95","937.65","-0.09"
"3e429bb8-68db-4ded-bc32-485ef826350a","martin hanzal","121","1978","0"
"f4a9f132-69d8-45ec-950b-057cdbded0b3","martin marincin","54","895.42","0.04"
"6df69eb3-2fe0-4c03-9f34-7b656fad80fd","mathew barzal","161","2878.1","0.4"
"d90ad592-5705-4c8c-8812-457209859559","mathieu joseph","68","768.1","0.45"
"6c665849-40d9-4fdf-8e86-0baa390958f8","mathieu perreault","224","3167.36","0.32"
"8b40098c-2fef-429a-84a0-589f69aac746","mats zuccarello","220","4219.64","0.14"
"41dacc34-5050-419d-9e3e-93551ace5513","matt bartkowski","46","660.49","-0.14"
"015b7859-8634-4ca3-ad42-f0a318886772","matt beleskey","67","838.6","-0.04"
"00f31f07-7314-4e37-96ff-33767a1e16f0","matt benning","215","3506.5","0.04"
"60e952ce-dbe0-49da-a4b9-5e8c18af530b","matt calvert","222","3055.27","0.04"
"eac679cc-71f1-4c6d-932e-5cfe981e699f","matt duchene","229","4239.38","0.22"
"a283a216-51a3-4352-8fe7-fb14ad00a61f","matt dumba","200","4498.31","0.09"
"8d9b568a-f94f-4e56-a54f-48bc6efb7b32","matt grzelcyk","136","2416.1","0.04"
"cfc3b8e7-bd2d-4183-ae4f-b1d62e72114b","matthew peca","59","661.6","-0.22"
"09b7121f-9bb8-4b1d-825a-7e5c565871bf","matthew tkachuk","227","3739.68","0.36"
"31e01174-6374-4ee0-92b3-704be75c1687","matt hunwick","134","2402.64","0"
"4fcc4272-21a1-4eef-a5a4-2773d5dd6a75","mattias ekholm","275","6493.62","0.04"
"a70d2a54-1c14-4c36-9425-e823e275c65e","mattias janmark","160","2573.94","0"
"7b177308-264e-4265-832a-360de55938f4","matt irwin","201","2750.65","0"
"a804757e-e8c0-42d5-b437-f8e4e028cdde","matt martin","202","1911.84","0.04"
"71f628c8-a5c1-4297-a96d-ac2a874b1f6e","matt nieto","200","2915.4","0"
"48c56629-6f1a-441a-a197-ecb7d63e0570","matt niskanen","259","5836.3","0"
"da78f73f-968f-4714-a2b3-01eab20345a0","matt read","100","1293.05","0.09"
"9f7bff8f-0e7e-4e1b-9020-8fb83dd1726e","matt tennyson","60","867.13","-0.4"
"bb867549-f761-4c95-b536-577ebd3eddd9","max domi","220","3736.7","0.09"
"1d29cfe2-f686-4484-91a3-c86a89e189ba","maxime lajoie","55","1038.48","-0.22"
"b0aa0e2e-e270-462c-96d6-8219d0386f30","max pacioretty","215","3987.37","0.22"
"c5553140-d65e-425b-b942-139f415d454a","melker karlsson","230","2872.5","0.09"
"d3f3aff4-6fac-4aa1-b479-22d93cac047f","michael amadio","80","780.88","0.18"
"6c9d229d-8c2d-4f11-9b7f-1c41b4404e6f","michael chaput","109","1196.71","-0.18"
"ea11ac85-b22e-4310-8f7a-46d353fda391","michael del zotto","174","3391.25","0"
"27feb01a-6079-4bc9-b5b1-327ead5a5429","michael frolik","219","3497.81","0.09"
"5217989e-73f2-404d-b025-8026ab17b1fe","michael grabner","208","2994.84","0.22"
"e6cf92bb-08f6-45b3-856c-a99f1dce4361","michael raffl","198","2505.56","0.04"
"a054993d-a65b-482e-82ef-5e6e7278d465","michael rasmussen","62","748.72","-0.04"
"9d12cff7-0052-49e7-aea9-188ff94ac4d9","michael stone","164","2939.73","-0.09"
"4ff313e1-7067-47b5-b4c0-ceb2eeae0ed1","michal kempny","198","3367.55","0.14"
"b0c1efcc-016d-49de-8143-68f34c3dca12","micheal ferland","225","3046.21","-0.04"
"80b78f6d-da9d-4377-a3cf-1a879f83ee7f","miikka salomaki","114","1176.88","0.09"
"0012cb52-6973-4fd5-b89b-1ffb589ddfb5","mikael backlund","242","4406.96","0"
"8be16544-d4d8-4c5d-9b1b-99edd72d7da0","mikael granlund","245","4578.92","0.18"
"9bcab825-6cd8-4aac-abc6-4655acd615ce","mika zibanejad","220","4104.32","0.32"
"561ee22c-f52e-40a3-ac53-dd61db71c1c2","mike green","180","4063.93","0"
"70f886cc-7d4e-4301-b84b-d3b3c67a3f01","mike hoffman","255","4588.31","0.22"
"6fdae5f6-d696-4509-a55e-d2f9a2a3abe0","mike matheson","154","3353.27","-0.04"
"883fe779-39d6-44bc-beb0-5cdc4a090206","mike reilly","131","2127.87","-0.09"
"df5a6468-9884-4968-9f83-f36b1f23bd65","mikhail sergachev","170","2746.98","0.04"
"6ab1f591-6778-4bdc-b288-128b48d84e28","mikkel boedker","236","3288.8","-0.04"
"c00d3b3a-4a20-4f85-91b5-bbfe893353f9","mikko koivu","220","4113.64","0.22"
"9c8f9dfb-4c38-4e0a-8520-7481ce2e53c2","mikko rantanen","235","4520.6","0.27"
"4db33d55-a70c-4a27-9bc4-82f3ca96eb62","milan lucic","255","3967.9","-0.04"
"e689b0dd-c257-4297-81cb-56d210dd28cd","miles wood","202","2601.83","0.04"
"b0ab220f-7b71-40a4-a610-ac78c599b4cf","mirco mueller","83","1460.21","-0.09"
"dd4e34e8-c04e-46a9-b979-6a6481761f18","miro heiskanen","80","1852.4","0"
"d81c9f18-1fed-4f08-9ab9-86ed18662f44","mitch marner","252","4451.94","0"
"d97b0e66-0434-4cdb-9277-1522ed665655","morgan rielly","245","5478.92","0.04"
"c177e2d1-b1f5-4dac-87c9-5b602eb55bc1","nate prosser","119","1516.53","0.04"
"18fe43c1-110c-4a63-94fd-e8103d922647","nate schmidt","226","4566.08","0.09"
"1d50b04f-6ce9-481c-8a91-76a4f0a094a1","nate thompson","196","2419.28","-0.22"
"5daca25e-be2c-44b3-b77c-c0106af7af44","nathan beaulieu","184","3182.45","-0.09"
"6af98394-5469-413c-b0f4-b1edf1710697","nathan mackinnon","240","4946.76","0.63"
"2b7545aa-218b-48cd-b3a9-8260388d8c3f","nazem kadri","244","4040.92","0.4"
"163cb15d-f853-4915-bf57-a75c800e0a5c","neal pionk","99","2131.6","-0.14"
"95467ff7-7b43-43a0-b249-60af019abdd4","nic dowd","187","2087.59","0.14"
"b5fc1e9b-967d-4428-b0d5-20f730690a68","nick bjugstad","198","2885.26","0.14"
"fb311ef3-63c6-4249-9ef9-d2e26926d116","nick bonino","263","4287.16","0.04"
"94961773-0680-4378-ab89-a8ac676fc94f","nick cousins","210","2705.82","0.18"
"5043d50a-798f-4687-b198-a5face35d304","nick foligno","232","4248.38","0.04"
"e7eeb0ed-a4d4-43eb-94cc-7ff1f6fa19ed","nick holden","225","4347.67","0.14"
"b4454869-ccf0-4ebb-82cb-3db2919b1a76","nick jensen","206","3700.36","0.09"
"34fd8346-2f37-4805-908e-a7d08fbbd431","nicklas backstrom","273","5311.52","0.27"
"8fc6500a-7c10-401d-901d-d2424e57d65e","nick leddy","240","5337.75","-0.14"
"2366bf79-59f1-4048-af48-3bf5e8560d53","nick ritchie","230","3121.68","-0.04"
"a1642248-d3d1-4d74-bfc9-48d9c42080fe","nick schmaltz","183","3005.66","0.04"
"06f759dc-167b-412b-9732-dfcfe23b2464","nick seeler","97","1270.42","0.04"
"d884a6e5-2593-4cf0-a7f1-a4cd2532ab9e","nico hischier","154","2633.67","0.32"
"0d7cddbf-a45b-46e4-a854-a30938279358","nicolas deslauriers","147","1454.54","-0.04"
"01bf1fe0-265d-41bc-b4e3-81e51a2b56a9","nic petan","87","852.25","-0.22"
"d23e3f7a-7cd7-4496-8af4-6551cef3b94f","nikita kucherov","251","4927.57","0.9"
"86d497b1-a49b-4f87-9502-04d1e2f42367","nikita zadorov","206","3837.87","-0.18"
"ef1c94e3-436f-4737-850b-186fb3d60d6b","nikita zaitsev","233","5008.25","-0.09"
"b437aba5-b89b-40d2-8099-02adf2641932","niklas hjalmarsson","204","4211.47","0.09"
"fc98dc41-2f4d-4416-b9b8-63832a16178e","nikolaj ehlers","239","3938.38","0.36"
"d95ca2b8-bcf5-43ec-9517-0971d311d322","nikolay goldobin","114","1555.67","-0.04"
"5d0c5ace-43fd-49a0-8d16-c1b524a9a8b2","nino niederreiter","234","3613.28","0.36"
"4bc0ea8b-0c87-4fa5-a4e3-14d1c2d26933","noah hanifin","238","4561.98","0"
"5c5d83e6-c8f1-4545-ad9a-651cd3556d6f","noah juulsen","44","805.42","-0.04"
"88a43152-4c78-468f-975a-fec04d8510fc","noel acciari","176","2203.81","0"
"216bb0e6-51dc-44b1-8a99-45ecd7f65b65","nolan patrick","150","2171.62","0.04"
"c422f189-5058-44db-b6df-d1ee28665a90","oliver bjorkstrand","193","2577.84","0.4"
"5bc50e3a-ce31-44b6-a49f-e50359da0709","oliver ekman-larsson","239","5727.64","0.09"
"96ad1de0-fe62-4715-a84b-ccf87c213b5c","olli maatta","232","4359.68","0.04"
"b27b8094-de37-4a3f-b779-b973f0b39878","ondrej kase","161","2147.58","0.32"
"dfbbaa19-9091-42fd-87de-82113cd0fa59","ondrej palat","210","3576.83","0.22"
"bcce1ae3-040c-4be3-95b4-d101d3f75240","oscar fantenberg","91","1439.75","0.18"
"ca8fb716-24bf-4ece-a383-64c438edb26c","oscar klefbom","219","5042.04","0.04"
"e889d6c8-9eed-45f0-aa7a-de2428110081","oskar lindblom","105","1444.36","0.18"
"ab661e57-cdc4-4503-afb5-f2107ed6627f","oskar sundqvist","124","1521.81","0.09"
"72be9977-6832-4077-936b-fee8ccfd5ebc","par lindholm","63","718","-0.36"
"5185084d-b49f-4f84-915a-78a2b2e7c6a1","patrice bergeron","224","4320.62","0.58"
"df7818c8-9bf7-42ed-9def-15ab5ed92037","patric hornqvist","236","3813.85","0.27"
"fffaceb9-349e-44ed-98ab-30e838eb6d49","patrick eaves","93","1511.62","0.5"
"d839abe9-6b14-4d1c-b920-70f6b3d40354","patrick kane","245","5239.49","0.27"
"5ef529fe-5d73-43ee-a714-e38f90730fe2","patrick maroon","173","2885.05","0.04"
"84ba4a0e-19d9-4c66-8236-926b733b5bfa","patrik laine","252","4341.27","0.5"
"c526fe94-9295-472b-a03e-6598fe1f0085","patrik nemeth","184","3289.24","0.09"
"15dc7220-8f32-4cb9-8074-d38aa2ade6fe","paul byron","223","3433.35","0.4"
"9bd80649-669c-4e68-913f-be684f395264","paul carey","67","684.15","-0.32"
"dc7b0431-3c9e-424a-b23e-5e7044f78931","paul ladue","68","958.1","0.36"
"35372472-93b5-4410-a9e4-49f59af4945d","paul stastny","220","4082.65","0.36"
"ff7955a1-4dc8-4bc5-aa95-5c75677dc6d8","pavel buchnevich","182","2648.66","0.18"
"c71bcf26-0153-47a6-912a-4d19416459c8","pavel zacha","203","3011.8","0"
"86ffb3df-818a-4be6-a5bf-7e54bbf7783a","phil kessel","281","5087.64","0.09"
"fe613b00-5d9b-4aa6-aa81-76dffcfb0d7b","phillip danault","218","3620.81","0.18"
"37e2ea48-0191-4b93-b99d-4d8110626af5","phillip di giuseppe","109","1200.5","-0.04"
"800b214b-d9a6-4cfd-aee8-856aee92d308","pierre-edouard bellemare","247","3081.39","0.14"
"f4197224-faf2-4861-85ae-b58516222618","pierre-luc dubois","167","2904.5","0.18"
"820f3fdf-9ff7-42c5-9822-b7abdb6cb2a2","pontus aberg","143","1897.51","0.09"
"92847e93-d28a-4d61-99d2-fece8309e97c","radek faksa","238","3799.59","0.14"
"2168138f-633b-4f9a-b16a-a2abef8e207b","radim simek","41","623.82","0.14"
"0d636ecf-c6c2-4811-9c77-155d82bbb8e7","radko gudas","217","3928.83","0"
"0651d617-ff01-4119-a0c2-abdddb51e872","rasmus andersson","87","1389.83","0.09"
"a0c501e5-9b9c-4e96-8604-cfd2eaa52456","rasmus dahlin","80","1693.85","0.04"
"62ded138-1d97-4c01-a4ff-554b784009b4","rasmus ristolainen","228","5900.07","-0.18"
"9cafdab8-5fe6-4724-8dd4-a561f8226fab","reid boucher","59","692.67","0"
"e39f6ac2-a8cb-4d8a-b0e6-dfc647a2070a","reilly smith","239","4375.32","0.22"
"1dd8c575-3fa9-4058-80fc-6b07fc610d1d","remi elie","106","1185.13","0.14"
"fe7f6024-11e7-4efe-97b9-131c6ff1ec69","richard panik","231","3574.62","0.14"
"f59e6505-d554-46f7-868e-32ee710cfde1","rickard rakell","234","4328.42","0.4"
"300880d7-4946-4d23-87d4-b9c1ee9c41d8","riley nash","247","3318.42","0"
"dbe9ea21-d580-43fb-8e99-38b43f4f96c8","riley sheahan","253","3568.52","-0.04"
"70f9bd5c-c792-4ea0-b715-aabe2d4fa152","robby fabbri","81","1176.89","-0.04"
"ec2dc470-dfa1-4109-bad2-1852e12f84ea","robert bortuzzo","177","2591.93","0.09"
"fd0b6918-8cac-4872-9fed-9e7585e96070","robert hagg","151","2644.85","-0.27"
"79f434e9-2fb7-49d2-a653-39d716ed5081","robert thomas","68","887.13","0"
"ff458325-b977-446f-ac92-fdf9ace03425","rocco grimaldi","52","521.25","0.18"
"b3ee0bba-f473-45c6-a710-c63fe2d819ff","roman josi","261","6526.81","0.09"
"0a6bd2f6-fde9-4cda-b109-a467cfeea2c8","roman polak","214","3906.67","-0.18"
"1636f1cb-0cf0-4d0d-a941-88b7cf501462","ron hainsey","264","5633.2","0.04"
"a4dbe70c-a630-492c-9a72-add9aab3c0d3","roope hintz","56","782.7","0.04"
"7993440a-ca48-4bbc-9095-a42f4e79eb1b","ryan callahan","150","1899.01","0.09"
"655e9b53-551f-4851-a85d-efb035e39609","ryan carpenter","144","1806.65","0.09"
"b0df97de-f7e9-418d-b299-94810b3db147","ryan donato","69","948.55","0"
"db3d72e4-0428-4b5a-9f5a-b061e02e1cf2","ryan dzingel","249","3903.02","0.18"
"a54c9279-83f3-4cb4-939f-75b89a42b7bb","ryan ellis","229","5466.52","0.18"
"e7211058-89b8-4982-aabd-76fdc4223cac","ryan getzlaf","216","4519.45","0.14"
"18b2f920-08ba-4a71-af69-9a7fc3b78b71","ryan hartman","246","3186.58","0.14"
"6315bdf4-fe01-4784-9e4c-85552767eb7b","ryan johansen","265","5051.35","0.18"
"2992aab5-efb9-4b88-b59c-ae9c1469dad1","ryan kesler","206","3946.48","0.14"
"42e74ac7-ac3d-4015-863e-14e15187f8ed","ryan mcdonagh","249","5821.61","0.09"
"3c4ffe2d-517e-47e5-842b-482f1b9bdea7","ryan murray","166","3240.56","-0.14"
"b0b0b8ce-713f-4e75-8f59-1dd0c3b61c63","ryan nugent-hopkins","237","4421.55","0.09"
"37adf3ab-62d2-407c-aabb-509ef064cd33","ryan o'reilly","233","4888.79","0.36"
"da2d3395-7264-40dc-8012-8414aceb57df","ryan pulock","147","3014.2","0.04"
"2718e69e-1632-418d-bbc2-cb715e78cfee","ryan reaves","258","2344.14","0.04"
"a154eba2-e652-4008-a722-9490d2445b67","ryan strome","230","3484.14","0.04"
"4b19f6da-bab6-43f0-9808-03fd2561001c","ryan suter","245","6586.24","0.22"
"90f2ecba-12da-43eb-9003-b3b3c417ad15","sam bennett","237","3383.91","-0.14"
"6f7d2d2d-c9d1-4510-b9f3-145b4031acbf","sam gagner","189","2724.46","0.04"
"8fa73629-4f00-4158-9224-3a0bf55e3dbd","sami vatanen","209","4575.74","-0.09"
"89dfef47-fe1d-46cd-b5f1-0581d8097e1a","sam reinhart","241","4281.09","0.18"
"a48da4d0-8a91-4113-ab47-3fbc98a56a3f","samuel girard","154","2905.05","0.09"
"82702dd7-eab4-41ac-b45e-1df7bc357c44","scott harrington","128","1672.52","-0.18"
"77665e03-8d0e-49a8-96a1-068705fe8871","scott laughton","166","2135.27","0.14"
"e50d3821-89ad-4d93-8701-8a428c2a4fa7","scott mayfield","148","2619.87","0.04"
"69de3371-fd71-4830-bdcf-ecdf09b81218","scott wilson","179","2076.6","0.18"
"32b4b717-a31e-423d-bc2a-5bccda38a4e2","sean couturier","230","4797.17","0.4"
"9d0c8bc5-df64-45ac-9984-d75bf5fab778","sean kuraly","170","2163.07","0.04"
"bb42afc5-c46b-4183-93e3-acae7aa0a727","sean monahan","237","4365.45","0.27"
"5390f34a-82d6-49a6-b86c-52ce175d9a4a","sean walker","38","585.22","0"
"90f4200e-1a00-4755-a81f-74ebb6519855","sebastian aho","239","4362.34","0.18"
"2d503bd5-9820-48f0-a49c-7bffd47e7e15","seth griffith","45","527.5","-0.09"
"3496cbd7-085c-4700-a286-afa9dff86b88","seth jones","236","5851.97","0.04"
"8b988d40-2cf3-4d2b-b464-df834465a838","shayne gostisbehere","235","4764.77","0.09"
"1be9a563-ac6c-4518-a70d-7e9e15a9dd71","shea theodore","206","4038.78","0.18"
"86bf7ceb-c5d4-4449-84b6-d01ae38687ff","shea weber","165","4074.64","0.18"
"dbfea62b-9025-427d-810e-6ebdcc297f23","sidney crosby","270","5509.62","0.63"
"56166f29-a1de-4567-a679-334f9503ca9e","slater koekkoek","92","1211.39","-0.09"
"6fa240bd-8fa1-4096-b6dc-62f351aeb75b","sonny milano","58","660.63","0.63"
"cddd3e56-780a-46bf-aa90-02d2b53fc979","stephen johns","136","2429.46","0.04"
"4be0f98f-00cd-4875-af72-c8813426bc3b","steven santini","111","1952.92","-0.18"
"44f3d61e-e9a8-425c-a5b3-f2091607af65","steven stamkos","192","3532.48","0.72"
"d6615da1-6528-4673-8565-17632dbb3447","sven baertschi","145","2265.13","0.22"
"0da978e1-0cdc-435e-a1a3-11c63cbbf844","tage thompson","106","1277.33","-0.04"
"9a34f64e-4fb4-48ed-982d-d756879881e8","tanner fritz","41","500.43","0.04"
"f81f4615-a264-4a71-81c5-b46eacc3872d","tanner kero","59","779.88","0.04"
"8be3cce7-ba1d-4e18-9eaf-3b28bff84d92","tanner pearson","243","3759.65","0.22"
"49d5cb10-2d65-4278-9eaf-2ec62aa6aaaa","taylor fedun","86","1178.23","0.18"
"9f64c527-1500-460b-a11a-cf78b798a72f","taylor hall","186","3595.2","0.58"
"4e9f631c-4b56-41ab-8b2e-35b5a5cdf554","teuvo teravainen","242","4110.66","0.18"
"54369a40-9bc4-44b8-833a-e5e3a2f5f9a9","thomas chabot","131","2746.61","0.04"
"8ab3f644-95c8-46d0-8ab7-c94c8008b2bb","thomas hickey","184","3299.25","-0.09"
"9e39afe9-494f-4f94-8a24-2921959ed9f7","tim heed","65","984.45","0.18"
"ac57bb26-fda4-419e-811e-69fca03e2a89","timo meier","207","3144.07","0.27"
"24fd6968-b520-481d-ab6b-a8bacdc12f05","tim schaller","203","2495.67","0.04"
"6b1370e3-d940-49de-9754-a591a8ec6f44","tj brodie","236","5402.55","0.14"
"087d8dba-64ec-4562-86e4-1c359f7b0df8","tomas hertl","219","4011.28","0.09"
"431dd3cb-e4dd-4886-97c3-4a1c9b5a7951","tomas nosek","161","1866.87","0.09"
"5adf9b3e-7dcb-4bc1-a4bc-138dbfef8949","tomas tatar","248","4090.51","0.32"
"236143fb-1b42-4468-9cac-f349c4d1c23e","tom kuhnhackl","183","1985.13","-0.04"
"1d50007c-816e-4a4f-ba68-12305bc20988","tom wilson","253","3927.96","0.18"
"d5467728-089a-42ad-a266-1f3486340b94","torey krug","231","4860.96","0.09"
"0e8caf38-b1d7-495c-b30b-cf07e62fb38b","travis boyd","59","575.73","-0.09"
"42fdc4f7-b1a3-44ab-8aa8-8c0578e1cf35","travis dermott","107","1777.95","0.14"
"a74be3f3-9b08-421f-873b-990f668e11d6","travis hamonic","190","3930.71","-0.04"
"5f9db8e0-0bd5-4bef-a9a3-fc6d0b72cf80","travis konecny","236","3480.55","0.22"
"705e95f5-b7cc-4569-8ced-3fd559aa549f","travis sanheim","132","2363.37","0"
"c766e033-438a-4606-a4ba-2e646b5c40ed","travis zajac","226","4309.91","0.09"
"94e6c0a5-712d-4178-8998-8932daa5c208","trevor daley","197","3928.43","-0.18"
"561e7f1c-3acf-42b0-bc44-99efcafd3fa7","trevor lewis","196","2856.59","0.09"
"0a26648f-c206-47f2-8b58-1b08640e5330","trevor van riemsdyk","216","3621.74","0"
"b462526c-df56-42c0-9223-b4ab8aabccaa","troy brouwer","227","3241.73","-0.04"
"a7a65b88-adc0-4c96-8210-3979ccde9886","troy stecher","214","4182.77","-0.04"
"bfc3ff90-e333-4d9a-b21e-dd39dde7ccd1","tyler bertuzzi","119","1854.83","0.18"
"702a3434-1b20-409c-bfc5-b0e5e8c9abbc","tyler bozak","243","3924.85","0.09"
"7be0f4b2-4675-4baf-a1c3-64d0c3ae65be","tyler ennis","175","2031.73","0.14"
"b1030e18-c1d7-4234-8a93-4e5b12810d4f","tyler graovac","52","511.72","-0.04"
"77d7d3ff-a4cd-4fef-a25e-ffa587964ba3","tyler johnson","242","4141.25","0.22"
"b956e95e-6b9f-4e53-9eba-fbf099f1968e","tyler motte","152","1833.56","0"
"3f1cf27c-8851-449d-a13b-ebc2bcaa73e1","tyler myers","187","3899.6","0"
"b6d073ea-beec-4c79-aa05-38d290172f35","tyler pitlick","156","2005.98","0.14"
"cac0d12b-6708-4c81-8358-0b5fdde38f13","tyler seguin","244","4898.32","0.18"
"cc4ccff7-facd-4d19-8215-0702c4e9efd3","tyler toffoli","229","3816.45","0.14"
"ae7a237b-36f6-4424-8781-72a2af98fbf7","tyson barrie","222","5009.99","-0.04"
"243499c0-9677-4c02-9ec0-62cc4ec6f043","tyson jost","143","1993.57","0.14"
"5fe52e59-5823-46b9-a045-4ee0e00e6a3e","valeri nichushkin","57","679.27","-0.18"
"25264753-2e1e-47f1-a4d9-cfc6064a7183","valtteri filppula","237","3820.08","0.09"
"99371d93-2731-4753-82f9-335ee4c168f5","victor hedman","243","5963.23","0"
"53ce7c96-ae03-4e47-be23-73bbee8c5628","victor mete","117","1962.46","0.09"
"705369f5-f6fb-43a1-b2f1-edce23a8b134","victor rask","200","3076.88","0"
"522a3a97-ab53-4424-8bc1-be145116c41f","viktor arvidsson","248","4452.51","0.27"
"6126f86b-a434-42fd-94f1-0f2cf1a3a897","vince dunn","151","2622.17","0.18"
"dd55da9e-0633-4e4a-9fc2-a68d15691a34","vincent trocheck","217","4503.87","0.18"
"8cc023da-0f9b-47bd-9908-45d6e75a550f","vinnie hinostroza","169","2331.91","0.14"
"92eb9501-2343-4d66-899f-12d6f8f688c1","vladimir sobotka","162","2574.47","-0.32"
"609f994f-e71f-4811-9b51-ca087e310260","vladimir tarasenko","247","4629.92","0.63"
"bc13b042-72c1-4985-a54d-793de1409799","vladislav namestnikov","231","3679","0.04"
"d8ac6152-415a-4202-8393-b8cd5f5a4739","warren foegele","75","943.65","0.04"
"3eb68ecc-ada9-406d-875c-e3ba5e1e2bc5","wayne simmonds","240","4218.92","0.04"
"7e83ddeb-3d32-4649-8080-9a98ad7ed7f0","will butcher","162","2859.44","0.09"
"a69b08f8-a616-4bd5-ab6a-09e8c93ea037","william carrier","141","1293.31","0.18"
"98628935-6709-45a2-8962-c77e41dfa6c7","william karlsson","267","4607.41","0.54"
"7faf05e2-545e-4173-80c8-d72273a90de3","william nylander","228","3691.72","0.27"
"06a7d7ed-6bb1-40b3-af05-f2e8b0ab5f35","xavier ouellet","129","2117.72","0"
"3f8b6173-0e35-45e1-a831-6aeb3e10b449","yannick weber","208","2461.26","-0.04"
"86a0ced6-a9b2-4bbe-980a-dcccad3fb38c","yanni gourde","197","3115.1","0.45"
"ad823a8d-5e0c-46f7-b06c-8f7649994514","zach aston-reese","66","838.85","0.18"
"c50505e5-3076-42a2-b795-17c351c99dd5","zach bogosian","139","2875.43","-0.14"
"50a1015e-b70a-438c-acfb-5a4071fbec6b","zach hyman","246","4216.13","0.22"
"9b175034-5d71-47f8-9d5a-238e97fdd3de","zach parise","193","3449.64","0.09"
"e3275fe7-5d89-4394-a014-5d9795e48bc8","zach sanford","82","1008.33","0.09"
"2c326208-a63f-44c7-893e-83733b5eae45","zach werenski","243","5389.95","0"
"8bdb450f-10cc-4801-9a24-47c638afde69","zack kassian","243","3141.37","-0.09"
"81b184ee-c59c-4921-8d8e-76dc6aac8ce9","zack smith","228","3752.12","-0.09"
"7cb42ec4-58ad-4910-add6-904dbf994160","zac rinaldo","76","761.92","-0.27"
"12bab114-6e2f-4412-935e-5652cea63250","zdeno chara","227","5163.98","0"
"f3791156-3d0f-4a5c-9f28-bde050149d7b","zemgus girgensons","216","2911.39","0"