Player,GP,TOI,GAR/60
AARON.EKBLAD,230,5264.46,-0.09
ADAM.CLENDENING,36,569.6,0.04
ADAM.CRACKNELL,69,721.75,0.09
ADAM.ERNE,112,1198.16,0.04
ADAM.GAUDETTE,58,636.46,-0.14
ADAM.HENRIQUE,247,4319.63,0.04
ADAM.LARSSON,235,5022.13,-0.04
ADAM.LOWRY,220,3332.3,0.22
ADAM.MCQUAID,178,2957.77,-0.14
ADAM.PELECH,197,3633,0.04
ADRIAN.KEMPE,189,2588.97,0.04
ALAN.QUINE,95,1133.69,-0.04
ALEC.MARTINEZ,221,4873.89,-0.04
ALEKSANDER.BARKOV,220,4711.14,0.4
ALEX.BIEGA,119,1825.14,-0.18
ALEX.BURMISTROV,72,932.53,-0.4
ALEX.BURROWS,161,2143.53,0
ALEX.CHIASSON,233,3201.76,-0.04
ALEX.DEBRINCAT,160,2591,0.76
ALEX.EDLER,191,4650.57,-0.04
ALEXEI.EMELIN,164,3052.44,-0.14
ALEXEY.MARCHENKO,41,695,-0.14
ALEX.GALCHENYUK,218,3491.23,-0.04
ALEX.GOLIGOSKI,233,5244.75,0
ALEX.IAFALLO,158,2522.15,0.04
ALEX.KERFOOT,159,2217.08,0.4
ALEX.KILLORN,260,4273.93,0.09
ALEX.OVECHKIN,278,5522.15,0.68
ALEX.PETROVIC,151,2449.77,-0.14
ALEX.PIETRANGELO,238,5998.55,0.04
ALEX.RADULOV,232,4515.08,0.22
ALEX.STEEN,225,4080.52,0
ALEX.TUCH,169,2684.83,0.22
ALEX.WENNBERG,228,3931.26,0.04
ANDERS.BJORK,50,606.4,-0.14
ANDERS.LEE,242,4033.7,0.45
ANDREAS.ATHANASIOU,208,3191.32,0.27
ANDREAS.BORGMAN,48,657,-0.14
ANDREAS.JOHNSSON,86,1140.75,0.36
ANDREAS.MARTINSEN,99,961.62,-0.22
ANDRE.BURAKOVSKY,218,2748.22,0.09
ANDREI.MARKOV,68,1510.73,0.09
ANDREI.SVECHNIKOV,79,1155.92,0.36
ANDREJ.SEKERA,149,2903.87,0.04
ANDREJ.SUSTR,124,1972.04,-0.09
ANDREW.COGLIANO,259,3708.32,0.09
ANDREW.COPP,229,2914.78,0.18
ANDREW.LADD,176,2769.2,0.22
ANDREW.MACDONALD,192,3662.05,-0.14
ANDREW.MANGIAPANE,53,538.63,0.18
ANDREW.SHAW,184,2867.65,0.09
ANDY.ANDREOFF,81,804,-0.22
ANDY.GREENE,232,4934.15,-0.04
ANDY.WELINSKI,36,565.8,-0.36
ANTHONY.BEAUVILLIER,215,3039.16,0.14
ANTHONY.BITETTO,95,1174,-0.22
ANTHONY.CIRELLI,115,1655.1,0.27
ANTHONY.DEANGELO,39,666.6,-0.22
ANTHONY.DUCLAIR,186,2425.75,0.04
ANTHONY.MANTHA,204,3473.29,0.27
ANTOINE.ROUSSEL,198,2732.93,0.18
ANTOINE.VERMETTE,155,2274.4,0.14
ANTON.LINDHOLM,60,809.14,0
ANTON.SLEPYSHEV,103,1182.47,-0.18
ANTON.STRALMAN,216,4711.09,0.04
ANZE.KOPITAR,241,5254.6,0.27
ARTEM.ANISIMOV,214,3622.28,-0.04
ARTEMI.PANARIN,249,4978.72,0.36
ARTTURI.LEHKONEN,224,3416.66,0.22
AUSTIN.CZARNIK,111,1339.38,0.18
AUSTIN.WAGNER,60,532.85,0.5
AUSTIN.WATSON,222,2873.74,0.09
AUSTON.MATTHEWS,223,4036.95,0.63
BARCLAY.GOODROW,129,1414.38,0.04
BEAU.BENNETT,65,881.27,0.32
BEN.CHIAROT,208,3424.98,-0.09
BEN.HARPUR,106,1762.84,-0.18
BEN.HUTTON,198,4063.37,-0.14
BEN.LOVEJOY,214,3918.05,-0.09
BENOIT.POULIOT,154,2117.93,0
BLAKE.COLEMAN,183,2796.74,0.18
BLAKE.COMEAU,237,3675.9,0.04
BLAKE.WHEELER,260,5292.49,0.36
BOBBY.RYAN,219,3505.86,0
BO.HORVAT,223,4327.37,0.18
BOONE.JENNER,242,4027.49,0
BOO.NIEVES,70,692.2,-0.09
BRAD.HUNT,97,1510.59,0.04
BRAD.MARCHAND,245,4832.9,0.54
BRAD.RICHARDSON,155,2370.58,0.09
BRADY.SKJEI,250,4960.43,0
BRADY.TKACHUK,68,1085.43,0.32
BRANDON.CARLO,229,4654.15,0
BRANDON.DAVIDSON,101,1614.8,-0.04
BRANDON.DUBINSKY,211,3258.75,0
BRANDON.MANNING,175,3025.12,-0.04
BRANDON.MONTOUR,207,4310.19,-0.04
BRANDON.PIRRI,89,1154.9,0.36
BRANDON.SAAD,245,4259.33,0.18
BRANDON.SUTTER,167,3018,0.04
BRANDON.TANEV,209,2672.2,0.04
BRAYDEN.MCNABB,223,4198.62,0
BRAYDEN.POINT,245,4570.81,0.54
BRAYDEN.SCHENN,231,4327.19,0.18
BRAYDON.COBURN,241,3888.69,-0.04
BRENDAN.GALLAGHER,231,3685.35,0.45
BRENDAN.GAUNCE,94,1033.47,-0.09
BRENDAN.LEIPSIC,120,1616.3,0.09
BRENDAN.LEMIEUX,61,542.68,0.86
BRENDAN.PERLINI,195,2659.6,0
BRENDAN.SMITH,168,2917.06,-0.09
BRENDEN.DILLON,257,4399.88,0
BRENT.BURNS,259,6492.83,0.14
BRENT.SEABROOK,239,4889.86,-0.14
BRETT.CONNOLLY,244,2915.33,0.54
BRETT.HOWDEN,64,948.97,-0.4
BRETT.KULAK,146,2173.83,0.04
BRETT.PESCE,217,4526.77,0.09
BRETT.RITCHIE,201,2272.63,0
BRETT.SENEY,50,517.22,-0.04
BRIAN.BOYLE,226,2974.93,0.14
BRIAN.CAMPBELL,84,1539.05,0.18
BRIAN.DUMOULIN,263,5487.85,0.14
BRIAN.FLYNN,52,630.9,0.27
BRIAN.GIBBONS,122,1527.82,0.09
BRIAN.GIONTA,103,1634.28,0.04
BROCK.BOESER,136,2473.89,0.58
BROCK.MCGINN,216,2978.38,0.09
BROCK.NELSON,242,3898.94,0.04
BROOKS.ORPIK,246,4349,-0.18
BRYAN.LITTLE,238,3946.32,0.18
BRYAN.RUST,231,3540.7,0.22
BYRON.FROESE,54,618.95,0
CAL.CLUTTERBUCK,212,2860.41,0
CALLE.JARNKROK,253,3983.65,0.14
CALVIN.DE HAAN,188,3599.02,0
CAM.ATKINSON,235,4467.16,0.36
CAM.FOWLER,217,5325,0
CARL.DAHLSTROM,48,881.53,0
CARL.GUNNARSSON,153,2272.47,0.09
CARL.HAGELIN,221,3349.31,0.18
CARL.SODERBERG,241,3859.77,0
CARTER.ROWNEY,154,1734.19,0
CASEY.CIZIKAS,193,2638.27,0.18
CASEY.MITTELSTADT,81,1097.3,-0.14
CASEY.NELSON,84,1384.47,0.04
CEDRIC.PAQUETTE,210,2387.57,0.04
CHAD.RUHWEDEL,114,1833.71,0.04
CHANDLER.STEPHENSON,153,1909.41,-0.04
CHARLES.HUDON,104,1383.58,0.09
CHARLIE.COYLE,237,3940.63,0.04
CHARLIE.MCAVOY,134,3012.14,0.14
CHRIS.KELLY,96,1081.78,-0.22
CHRIS.KREIDER,222,3722.61,0.32
CHRIS.KUNITZ,243,3035.93,0.04
CHRIS.STEWART,138,1439.98,-0.36
CHRIS.TANEV,149,2998.84,-0.04
CHRIS.THORBURN,114,798.39,-0.04
CHRISTIAN.DJOOS,126,1679.27,0.09
CHRISTIAN.DVORAK,173,2741.92,0
CHRISTIAN.FISCHER,155,2090.48,0.22
CHRISTIAN.FOLIN,164,2522.8,-0.04
CHRISTIAN.JAROS,58,834.23,-0.14
CHRISTIAN.WOLANIN,39,644.8,0.04
CHRIS.TIERNEY,255,4031.36,0.04
CHRISTOFFER.EHN,58,606.25,-0.09
CHRIS.VANDEVELDE,81,936.45,-0.14
CHRIS.WAGNER,215,2660.6,-0.04
CHRIS.WIDEMAN,132,1767.26,0
CLAUDE.GIROUX,249,5043.18,0.5
CLAYTON.KELLER,161,2926.29,0.09
CODY.CECI,251,5786.36,-0.14
CODY.EAKIN,235,3602.37,0
CODY.FRANSON,91,1638.97,0.09
CODY.GOLOUBEF,33,560.65,-0.04
CODY.MCLEOD,160,1126.06,-0.5
COLBY.CAVE,51,619.85,0.14
COLIN.MILLER,229,4201.28,0.14
COLIN.WHITE,89,1375.15,0.04
COLIN.WILSON,208,2898.6,0.14
COLTON.PARAYKO,254,5655.08,0.18
COLTON.SCEVIOUR,213,2890.7,-0.04
COLTON.SISSONS,246,3647.38,0.14
CONNOR.BRICKLEY,56,629.77,0.04
CONNOR.BROWN,257,3890.38,-0.09
CONNOR.CARRICK,152,2411.7,-0.09
CONNOR.MCDAVID,253,5535.37,0.76
CONNOR.MURPHY,201,3663.76,0
CONOR.GARLAND,45,575.1,0
CONOR.SHEARY,250,3643.96,0.09
COREY.PERRY,204,3535.72,0.18
CRAIG.SMITH,253,3725.66,0.18
CURTIS.LAZAR,103,985.94,-0.09
CURTIS.MCKENZIE,53,575.12,0.36
DALE.WEISE,163,1926.13,0.04
DALTON.PROUT,47,651.96,-0.14
DAMON.SEVERSON,240,4959.33,-0.09
DAN.GIRARDI,230,4197.23,0
DAN.HAMHUIS,213,4017.89,-0.04
DANIEL.CARR,71,799.51,0.18
DANIEL.SEDIN,162,2727.43,0
DANIEL.SPRONG,69,836.25,0.14
DANIEL.WINNIK,171,2239.12,0
DANNY.DEKEYSER,199,4263.25,-0.04
DANTON.HEINEN,169,2418.72,0.27
DARNELL.NURSE,219,4705.45,-0.14
DARREN.HELM,183,2780.19,0.04
DAVID.BACKES,217,3289.79,0.09
DAVID.DESHARNAIS,133,1661.15,-0.09
DAVID.KAMPF,106,1427.4,0.04
DAVID.KREJCI,241,4241.05,0.18
DAVID.PASTRNAK,239,4378.18,0.68
DAVID.PERRON,232,3987.11,0.18
DAVID.SAVARD,245,4983.33,0.04
DAVID.SCHLEMKO,122,2150.7,0.09
DENIS.MALGIN,147,1867.27,0.18
DENNIS.CHOLOWSKI,52,949.17,0
DENNIS.RASMUSSEN,98,1085.55,-0.04
DENNIS.SEIDENBERG,101,1918.87,0
DENNIS.WIDEMAN,57,1153.08,-0.04
DEREK.FORBORT,239,4913.81,-0.14
DEREK.GRANT,171,1857.36,0
DEREK.MACKENZIE,157,1877.52,-0.04
DEREK.RYAN,226,3334.76,0.22
DEREK.STEPAN,244,4670.73,0.14
DERICK.BRASSARD,251,4203.21,0.04
DERRICK.POULIOT,142,2461.01,-0.14
DERYK.ENGELLAND,255,4975.42,-0.09
DEVANTE.SMITH-PELLY,205,2506.6,-0.14
DEVIN.SETOGUCHI,45,559.88,0.18
DEVIN.SHORE,239,3495.47,0
DEVON.TOEWS,45,805.4,0.09
DION.PHANEUF,248,4939.91,-0.09
DMITRIJ.JASKIN,165,1926.97,0.14
DMITRY.KULIKOV,165,2958.59,-0.04
DMITRY.ORLOV,279,6047.34,0.04
DOMINIC.MOORE,140,1688,-0.04
DOMINIK.KAHUN,78,1108.1,0.04
DOMINIK.SIMON,110,1394.98,0.18
DOUGIE.HAMILTON,246,5000.85,0.27
DRAKE.CAGGIULA,192,2653.98,0.04
DREW.DOUGHTY,247,6640.16,0.04
DREW.MILLER,55,565.48,-0.18
DREW.STAFFORD,180,2380.24,-0.14
DUNCAN.KEITH,244,5898.7,-0.18
DUSTIN.BROWN,235,4407.29,0.14
DUSTIN.BYFUGLIEN,206,5300.32,0.04
DWIGHT.KING,86,1227.82,-0.04
DYLAN.DEMELO,172,2870.15,-0.09
DYLAN.LARKIN,235,4513.45,0.14
DYLAN.STROME,102,1559.75,0.14
ELIAS.LINDHOLM,232,4339.55,0.14
ELIAS.PETTERSSON,68,1243.53,0.94
ERIC.FEHR,151,1668.53,-0.14
ERIC.GRYBA,74,1151.25,0.04
ERIC.STAAL,253,4604.08,0.36
ERIK.CERNAK,56,1078.43,0.04
ERIK.GUDBRANSON,155,2901.08,0
ERIK.GUSTAFSSON,110,2337.43,0.18
ERIK.HAULA,186,2925.64,0.27
ERIK.JOHNSON,184,4258.77,-0.04
ERIK.KARLSSON,219,5775.2,0.09
ESA.LINDELL,233,5312.59,-0.09
EVANDER.KANE,230,4379.01,0.09
EVAN.RODRIGUES,150,2198.75,0.14
EVGENI.MALKIN,240,4494.93,0.54
EVGENY.DADONOV,154,2852.24,0.14
EVGENY.KUZNETSOV,270,4981.53,0.09
FEDOR.TYUTIN,69,1306.75,-0.18
FILIP.CHYTIL,84,1156.43,-0.04
FILIP.FORSBERG,245,4492.61,0.32
FILIP.HRONEK,44,878.77,0.04
FRANCOIS.BEAUCHEMIN,152,2987.37,-0.04
FRANK.VATRANO,170,2267.46,0.14
FRANS.NIELSEN,229,3789.7,0.09
FREDERICK.GAUDREAU,91,839.55,0.36
FREDERIK.GAUTHIER,98,846.71,0
FREDRIK.CLAESSON,147,2240.5,0.09
GABRIEL.BOURQUE,116,1202.85,-0.27
GABRIEL.DUMONT,69,648.4,0.14
GABRIEL.LANDESKOG,226,4517.17,0.18
GARNET.HATHAWAY,159,1692.15,0.04
GEMEL.SMITH,80,807.05,0.09
GREG.MCKEGG,111,1130.14,0
GREG.PATERYN,187,3316.86,0.09
GUSTAV.FORSLING,119,2030.02,-0.22
GUSTAV.NYQUIST,236,4163.23,0.18
GUSTAV.OLOFSSON,54,699,0.32
HAMPUS.LINDHOLM,230,5299.8,0.04
HAYDN.FLEURY,85,1351.29,-0.18
HENRI.JOKIHARJU,37,704.22,-0.14
HENRIK.BORGSTROM,48,580.58,0.22
HENRIK.SEDIN,163,2820.18,0
HENRIK.ZETTERBERG,163,3198.8,0.18
IAN.COLE,246,4707.92,-0.04
IAN.MCCOSHEN,57,825.95,-0.09
IGOR.OZHIGANOV,52,729.82,0
IIRO.PAKARINEN,55,541.1,0
ILYA.KOVALCHUK,62,1007.57,-0.27
ILYA.LYUBUSHKIN,40,547.3,-0.14
IVAN.BARBASHEV,167,1972.55,0.22
IVAN.PROVOROV,249,5915.18,-0.09
JACCOB.SLAVIN,243,5589.37,0.14
JACK.EICHEL,203,4097.18,0.22
JACK.JOHNSON,244,4971.47,-0.09
JACK.ROSLOVIC,116,1219.18,0.18
JACOB.DE LA ROSE,124,1436.19,-0.22
JACOB.JOSEFSON,77,909.08,-0.27
JACOB.LARSSON,47,802.97,-0.18
JACOB.TROUBA,212,4900.99,0
JADEN.SCHWARTZ,218,4130.86,0.27
JAKE.DEBRUSK,148,2248,0.54
JAKE.DOTCHIN,102,1661.22,-0.04
JAKE.GARDINER,237,5214.35,-0.04
JAKE.GUENTZEL,239,4188.77,0.45
JAKE.MCCABE,186,3681.76,0
JAKE.MUZZIN,238,5177.9,0.04
JAKE.VIRTANEN,151,1980.56,-0.14
JAKOB.CHYCHRUN,170,3200.85,-0.04
JAKOB.SILFVERBERG,248,4461.53,0.22
JAKUB.JERABEK,38,613.33,0
JAKUB.KINDL,39,572.77,-0.22
JAKUB.VORACEK,245,4666.67,0.22
JAKUB.VRANA,195,2519.25,0.32
JAMES.NEAL,243,4071.96,0.14
JAMES.VAN RIEMSDYK,239,3749.22,0.27
JAMIE.BENN,236,4523,0.22
JAMIE.MCGINN,166,2163.07,-0.04
JAMIE.OLEKSIAK,176,2770.07,0.04
JANNIK.HANSEN,95,1338.23,0.32
JAN.RUTTA,92,1634.88,-0.04
JARED.MCCANN,173,2334.67,0.09
JARED.SPURGEON,227,5494.42,0.22
JAROME.IGINLA,80,1210.17,-0.04
JAROMIR.JAGR,104,1680.97,0.32
JASON.CHIMERA,158,1847.12,0.09
JASON.DEMERS,182,3685.29,-0.09
JASON.DICKINSON,102,1217.5,0.04
JASON.GARRISON,95,1667.84,-0.32
JASON.POMINVILLE,236,3285.98,0.27
JASON.SPEZZA,220,3094.89,0.14
JASON.ZUCKER,250,4118.97,0.36
JAY.BEAGLE,249,3256.91,-0.22
JAY.BOUWMEESTER,203,4359.83,-0.18
JAYCOB.MEGNA,41,608.38,0
JAY.MCCLEMENT,65,739.87,-0.32
JAYSON.MEGNA,58,721.18,0.09
JEAN-GABRIEL.PAGEAU,215,3618.83,0
JEFF.CARTER,187,3387.31,-0.04
JEFF.PETRY,247,5664.85,0.04
JEFF.SKINNER,241,4256.68,0.5
JESPER.BRATT,126,1916.7,0.04
JESPER.FAST,217,3212.05,0.04
JESPERI.KOTKANIEMI,76,1053.35,0.22
JESSE.PULJUJARVI,139,1733.8,-0.04
JIMMY.HAYES,91,928.68,-0.14
JIMMY.VESEY,250,3665.67,0
JOAKIM.NORDSTROM,225,2751.96,-0.09
JOAKIM.RYAN,108,1628.07,0
JOE.COLBORNE,62,663.33,-0.14
JOEL.ARMIA,203,2856.3,0.09
JOEL.EDMUNDSON,211,4096.13,-0.09
JOEL.ERIKSSON EK,154,1955.99,0.22
JOEL.WARD,135,1934.22,-0.04
JOE.MORROW,125,1984.17,-0.09
JOE.PAVELSKI,251,4834.25,0.45
JOE.THORNTON,200,3445.97,0.27
JOHAN.LARSSON,187,2747.08,-0.18
JOHN.CARLSON,268,6505.2,0.09
JOHN.GILMOUR,33,561.31,0.18
JOHN.HAYDEN,111,1125.36,0
JOHN.KLINGBERG,224,5371.42,0.14
JOHN-MICHAEL.LILES,42,682.38,0
JOHN.MITCHELL,65,816,-0.04
JOHN.MOORE,210,4052.38,-0.14
JOHNNY.BOYCHUK,196,3894.25,-0.04
JOHNNY.GAUDREAU,236,4564.15,0.32
JOHNNY.ODUYA,108,1915.85,0.04
JOHN.TAVARES,239,4735.04,0.45
JONAS.BRODIN,231,4766.4,0.14
JONATHAN.DROUIN,228,3978.04,0.14
JONATHAN.ERICSSON,183,3415.5,-0.18
JONATHAN.HUBERDEAU,193,3634.69,0.22
JONATHAN.MARCHESSAULT,251,4429.32,0.27
JONATHAN.TOEWS,228,4628.78,0.14
JON.MERRILL,149,2611.78,0.09
JONNY.BRODZINSKI,54,535.4,-0.04
JOONAS.DONSKOI,219,3076.57,0.27
JORDAN.EBERLE,251,4106.95,0.32
JORDAN.GREENWAY,90,1211.08,-0.04
JORDAN.MARTINOOK,237,3489.93,0.04
JORDAN.NOLAN,129,1286.53,-0.09
JORDAN.OESTERLE,124,2431.4,0
JORDAN.SCHMALTZ,43,510.72,-0.04
JORDAN.SCHROEDER,58,518.85,0.4
JORDAN.STAAL,201,3782.02,0.4
JORDAN.WEAL,153,2039.41,0.27
JORDIE.BENN,232,4305.53,0.04
JORI.LEHTERA,167,2030.35,-0.09
JOSEPH.CRAMAROSSA,59,586.8,-0.22
JOSH.ANDERSON,231,3584.33,0.14
JOSH.ARCHIBALD,121,1523.1,-0.18
JOSH.BAILEY,237,4195.9,0.09
JOSH.GORGES,100,1726.15,0.18
JOSH.JOORIS,94,1049.19,0.04
JOSH.LEIVO,103,1363.62,0.27
JOSH.MANSON,256,5215.75,0.09
JOSH.MORRISSEY,238,4899.84,0.09
JOSHUA.HO-SANG,53,804.96,0.32
J.T..BROWN,170,1621.71,0.04
J.T..COMPHER,157,2548.27,-0.09
J.T..MILLER,267,4299.21,0
JUJHAR.KHAIRA,139,1724.14,-0.09
JULIUS.HONKA,87,1214,0.09
JUSSI.JOKINEN,129,1895.9,0.18
JUSTIN.ABDELKADER,209,3384.23,-0.04
JUSTIN.BRAUN,253,5225.7,-0.09
JUSTIN.FALK,108,1581.62,-0.18
JUSTIN.FAULK,230,5193.72,-0.04
JUSTIN.SCHULTZ,201,4057.54,0.04
JUSTIN.WILLIAMS,254,4213.27,0.32
JUUSO.RIIKOLA,37,617.33,0
JYRKI.JOKIPAKKA,41,591.37,-0.22
KARL.ALZNER,180,3535.25,-0.04
KASPERI.KAPANEN,135,1914.14,0.14
KEITH.YANDLE,244,5615.45,-0.04
KENNY.AGOSTINO,68,867.01,0.14
KEVAN.MILLER,182,3436.8,0
KEVIN.BIEKSA,149,2730.63,-0.32
KEVIN.CONNAUTON,145,2303.32,-0.18
KEVIN.FIALA,231,3434.16,0.27
KEVIN.GRAVEL,101,1452.1,0.04
KEVIN.HAYES,233,4060.3,0.14
KEVIN.KLEIN,61,1076.42,-0.14
KEVIN.LABANC,221,3102.3,0.14
KEVIN.SHATTENKIRK,210,4109.77,-0.04
KIEFER.SHERWOOD,49,556.42,0.04
KLAS.DAHLBECK,76,1137.23,-0.32
KORBINIAN.HOLZER,74,1008.94,-0.32
KRIS.LETANG,195,4981.72,0.18
KRIS.RUSSELL,229,4647,0
KRIS.VERSTEEG,97,1393.7,-0.04
KYLE.BRODZIAK,230,2805.19,-0.04
KYLE.CLIFFORD,197,2070.78,0.14
KYLE.CONNOR,193,3364.76,0.18
KYLE.OKPOSO,217,3577.21,0
KYLE.PALMIERI,221,3891.46,0.5
KYLE.QUINCEY,93,1601.27,-0.14
KYLE.TURRIS,239,4223.87,0.22
LANCE.BOUMA,117,1286.55,0
LARS.ELLER,276,4227.32,0.09
LAURI.KORPIKOSKI,69,856.07,-0.14
LAWRENCE.PILUT,31,544.55,0.04
LAWSON.CROUSE,161,1983.74,0
LEE.STEMPNIAK,119,1760.67,-0.04
LEO.KOMAROV,243,3806.46,-0.09
LEON.DRAISAITL,253,5109.81,0.54
LIAS.ANDERSSON,47,509.99,-0.4
LOGAN.COUTURE,245,4490.45,0.5
LOGAN.SHAW,136,1475.13,-0.09
LOUI.ERIKSSON,193,3124.77,0.04
LUCA.SBISA,132,2456.07,-0.04
LUCAS.WALLMARK,97,1346.46,0.32
LUKAS.SEDLAK,164,1540.54,0.22
LUKE.GLENDENING,220,3084.15,-0.18
LUKE.KUNIN,66,989.11,-0.09
LUKE.SCHENN,165,2768.64,-0.22
LUKE.WITKOWSKI,97,856.26,-0.18
MACKENZIE.WEEGAR,122,1920.33,0.18
MADISON.BOWEY,99,1423.23,-0.18
MAGNUS.PAAJARVI,196,2509.04,0.18
MARC-EDOUARD.VLASIC,241,5252.28,0
MARC.METHOT,131,2544.05,-0.04
MARCO.SCANDELLA,221,4437.4,-0.09
MARC.STAAL,233,4436.17,-0.14
MARCUS.FOLIGNO,242,3083,0.18
MARCUS.JOHANSSON,183,3056.83,0.18
MARCUS.KRUGER,193,2309.16,0.09
MARCUS.PETTERSSON,108,1718.42,0.04
MARCUS.SORENSEN,145,1706.76,0.22
MARIAN.GABORIK,102,1470.95,0.04
MARIAN.HOSSA,77,1306.65,0.36
MARIO.KEMPE,69,772.76,0.09
MARK.BARBERIO,124,2206.91,-0.09
MARK.BOROWIECKI,175,2550.27,-0.04
MARK.GIORDANO,243,5887.78,0.14
MARK.JANKOWSKI,149,1941.27,0.09
MARK.LETESTU,177,2421.15,0.04
MARKO.DANO,61,571.32,0.14
MARK.PYSYK,232,4307.28,0.04
MARK.SCHEIFELE,236,4974.67,0.5
MARK.STONE,223,4404.96,0.68
MARK.STREIT,71,1318.25,0
MARK.STUART,42,523.08,-0.14
MARKUS.GRANLUND,195,3150.93,0.09
MARKUS.HANNIKAINEN,86,773.22,0.04
MARKUS.NUTIVAARA,212,3334.09,0.04
MARTIN.FRK,95,937.65,-0.09
MARTIN.HANZAL,121,1978,0
MARTIN.MARINCIN,54,895.42,0.04
MATHEW.BARZAL,161,2878.1,0.4
MATHIEU.JOSEPH,68,768.1,0.45
MATHIEU.PERREAULT,224,3167.36,0.32
MATS.ZUCCARELLO,220,4219.64,0.14
MATT.BARTKOWSKI,46,660.49,-0.14
MATT.BELESKEY,67,838.6,-0.04
MATT.BENNING,215,3506.5,0.04
MATT.CALVERT,222,3055.27,0.04
MATT.CULLEN,250,3150.48,-0.09
MATT.DUCHENE,229,4239.38,0.22
MATT.DUMBA,200,4498.31,0.09
MATT.GRZELCYK,136,2416.1,0.04
MATT.HENDRICKS,133,1290.85,-0.04
MATTHEW.PECA,59,661.6,-0.22
MATTHEW.TKACHUK,227,3739.68,0.36
MATT.HUNWICK,134,2402.64,0
MATTIAS.EKHOLM,275,6493.62,0.04
MATTIAS.JANMARK,160,2573.94,0
MATT.IRWIN,201,2750.65,0
MATT.MARTIN,202,1911.84,0.04
MATT.MOULSON,95,1084.15,0.32
MATT.NIETO,200,2915.4,0
MATT.NISKANEN,259,5836.3,0
MATT.READ,100,1293.05,0.09
MATT.STAJAN,152,1801.72,0.22
MATT.TENNYSON,60,867.13,-0.4
MAX.DOMI,220,3736.7,0.09
MAXIME.LAJOIE,55,1038.48,-0.22
MAX.PACIORETTY,215,3987.37,0.22
MELKER.KARLSSON,230,2872.5,0.09
MICHAEL.AMADIO,80,780.88,0.18
MICHAEL.CHAPUT,109,1196.71,-0.18
MICHAEL.DEL ZOTTO,174,3391.25,0
MICHAEL.FROLIK,219,3497.81,0.09
MICHAEL.GRABNER,208,2994.84,0.22
MICHAEL.MATHESON,81,1705.88,-0.14
MICHAEL.RAFFL,198,2505.56,0.04
MICHAEL.RASMUSSEN,62,748.72,-0.04
MICHAEL.STONE,164,2939.73,-0.09
MICHAL.KEMPNY,198,3367.55,0.14
MICHEAL.FERLAND,225,3046.21,-0.04
MICHEAL.HALEY,174,1443.79,-0.18
MIIKKA.SALOMAKI,114,1176.88,0.09
MIKAEL.BACKLUND,242,4406.96,0
MIKAEL.GRANLUND,245,4578.92,0.18
MIKA.ZIBANEJAD,220,4104.32,0.32
MIKE.CAMMALLERI,127,1967.58,0.04
MIKE.FISHER,120,1874.5,0.04
MIKE.GREEN,180,4063.93,0
MIKE.HOFFMAN,255,4588.31,0.22
MIKE.MATHESON,154,3353.27,-0.04
MIKE.REILLY,131,2127.87,-0.09
MIKE.RIBEIRO,46,734.62,-0.14
MIKHAIL.GRIGORENKO,75,1056.68,-0.04
MIKHAIL.SERGACHEV,170,2746.98,0.04
MIKKEL.BOEDKER,236,3288.8,-0.04
MIKKO.KOIVU,220,4113.64,0.22
MIKKO.RANTANEN,235,4520.6,0.27
MILAN.LUCIC,255,3967.9,-0.04
MILES.WOOD,202,2601.83,0.04
MIRCO.MUELLER,83,1460.21,-0.09
MIRO.HEISKANEN,80,1852.4,0
MITCH.MARNER,252,4451.94,0
MORGAN.RIELLY,245,5478.92,0.04
NAIL.YAKUPOV,98,1054.5,0.09
NATE.PROSSER,119,1516.53,0.04
NATE.SCHMIDT,226,4566.08,0.09
NATE.THOMPSON,196,2419.28,-0.22
NATHAN.BEAULIEU,184,3182.45,-0.09
NATHAN.MACKINNON,240,4946.76,0.63
NAZEM.KADRI,244,4040.92,0.4
NEAL.PIONK,99,2131.6,-0.14
NIC.DOWD,187,2087.59,0.14
NICK.BJUGSTAD,198,2885.26,0.14
NICK.BONINO,263,4287.16,0.04
NICK.COUSINS,210,2705.82,0.18
NICK.FOLIGNO,232,4248.38,0.04
NICK.HOLDEN,225,4347.67,0.14
NICK.JENSEN,206,3700.36,0.09
NICK.LAPPIN,54,654.57,-0.18
NICKLAS.BACKSTROM,273,5311.52,0.27
NICK.LEDDY,240,5337.75,-0.14
NICK.RITCHIE,230,3121.68,-0.04
NICK.SCHMALTZ,183,3005.66,0.04
NICK.SEELER,97,1270.42,0.04
NICK.SHORE,134,1801.98,0.04
NICO.HISCHIER,154,2633.67,0.32
NICOLAS.DESLAURIERS,147,1454.54,-0.04
NIC.PETAN,87,852.25,-0.22
NIKITA.KUCHEROV,251,4927.57,0.9
NIKITA.NESTEROV,50,810.62,-0.04
NIKITA.SOSHNIKOV,71,772.77,-0.14
NIKITA.TRYAMKIN,66,1104.85,-0.09
NIKITA.ZADOROV,206,3837.87,-0.18
NIKITA.ZAITSEV,233,5008.25,-0.09
NIKLAS.HJALMARSSON,204,4211.47,0.09
NIKLAS.KRONWALL,212,4090.6,0
NIKOLAJ.EHLERS,239,3938.38,0.36
NIKOLAY.GOLDOBIN,114,1555.67,-0.04
NIKOLAY.KULEMIN,85,1150.03,0.18
NINO.NIEDERREITER,234,3613.28,0.36
NOAH.HANIFIN,238,4561.98,0
NOAH.JUULSEN,44,805.42,-0.04
NOEL.ACCIARI,176,2203.81,0
NOLAN.PATRICK,150,2171.62,0.04
OLIVER.BJORKSTRAND,193,2577.84,0.4
OLIVER.EKMAN-LARSSON,239,5727.64,0.09
OLLI.MAATTA,232,4359.68,0.04
ONDREJ.KASE,161,2147.58,0.32
ONDREJ.PALAT,210,3576.83,0.22
OSCAR.FANTENBERG,91,1439.75,0.18
OSCAR.KLEFBOM,219,5042.04,0.04
OSCAR.LINDBERG,196,2252.96,0.04
OSKAR.LINDBLOM,105,1444.36,0.18
OSKAR.SUNDQVIST,124,1521.81,0.09
P.A..PARENTEAU,72,1031.63,0
PAR.LINDHOLM,63,718,-0.36
PAT.MAROON,72,1022.88,0.18
PATRICE.BERGERON,224,4320.62,0.58
PATRIC.HORNQVIST,236,3813.85,0.27
PATRICK.EAVES,93,1511.62,0.5
PATRICK.KANE,245,5239.49,0.27
PATRICK.MARLEAU,256,4315.88,0.04
PATRICK.MAROON,173,2885.05,0.04
PATRICK.SHARP,118,1667.13,-0.14
PATRICK.WIERCIOCH,57,949.9,-0.27
PATRIK.BERGLUND,173,2716.54,0.18
PATRIK.LAINE,252,4341.27,0.5
PATRIK.NEMETH,184,3289.24,0.09
PAUL.BYRON,223,3433.35,0.4
PAUL.CAREY,67,684.15,-0.32
PAUL.LADUE,68,958.1,0.36
PAUL.MARTIN,107,1955.5,-0.14
PAUL.POSTMA,79,848.7,-0.14
PAUL.STASTNY,220,4082.65,0.36
PAVEL.BUCHNEVICH,182,2648.66,0.18
PAVEL.ZACHA,203,3011.8,0
PETER.HOLLAND,71,897.23,-0.18
PHIL.KESSEL,281,5087.64,0.09
PHILLIP.DANAULT,218,3620.81,0.18
PHILLIP.DI GIUSEPPE,109,1200.5,-0.04
PIERRE-EDOUARD.BELLEMARE,247,3081.39,0.14
PIERRE-LUC.DUBOIS,167,2904.5,0.18
P.K..SUBBAN,243,5856.92,0.14
PONTUS.ABERG,143,1897.51,0.09
RADEK.FAKSA,238,3799.59,0.14
RADIM.SIMEK,41,623.82,0.14
RADIM.VRBATA,123,1910.7,-0.04
RADKO.GUDAS,217,3928.83,0
RASMUS.ANDERSSON,87,1389.83,0.09
RASMUS.DAHLIN,80,1693.85,0.04
RASMUS.RISTOLAINEN,228,5900.07,-0.18
REID.BOUCHER,59,692.67,0
REILLY.SMITH,239,4375.32,0.22
REMI.ELIE,106,1185.13,0.14
RENE.BOURQUE,65,906.37,-0.18
RICHARD.PANIK,231,3574.62,0.14
RICKARD.RAKELL,234,4328.42,0.4
RICK.NASH,162,2729.11,0.36
RILEY.NASH,247,3318.42,0
RILEY.SHEAHAN,253,3568.52,-0.04
ROBBY.FABBRI,81,1176.89,-0.04
ROBERT.BORTUZZO,177,2591.93,0.09
ROBERT.HAGG,151,2644.85,-0.27
ROBERT.THOMAS,68,887.13,0
ROCCO.GRIMALDI,52,521.25,0.18
ROMAN.JOSI,261,6526.81,0.09
ROMAN.POLAK,214,3906.67,-0.18
RON.HAINSEY,264,5633.2,0.04
ROOPE.HINTZ,56,782.7,0.04
RYAN.CALLAHAN,150,1899.01,0.09
RYAN.CARPENTER,144,1806.65,0.09
RYAN.DONATO,69,948.55,0
RYAN.DZINGEL,249,3903.02,0.18
RYAN.ELLIS,229,5466.52,0.18
RYAN.GETZLAF,216,4519.45,0.14
RYAN.HARTMAN,246,3186.58,0.14
RYAN.JOHANSEN,265,5051.35,0.18
RYAN.KESLER,206,3946.48,0.14
RYAN.MCDONAGH,249,5821.61,0.09
RYAN.MURPHY,49,771.48,0
RYAN.MURRAY,166,3240.56,-0.14
RYAN.NUGENT-HOPKINS,237,4421.55,0.09
RYAN.O'REILLY,233,4888.79,0.36
RYAN.PULOCK,147,3014.2,0.04
RYAN.REAVES,258,2344.14,0.04
RYAN.SPOONER,191,2618.9,-0.04
RYAN.SPROUL,43,670.91,-0.09
RYAN.STROME,230,3484.14,0.04
RYAN.SUTER,245,6586.24,0.22
RYAN.WHITE,68,713.98,0
SAM.BENNETT,237,3383.91,-0.14
SAM.GAGNER,189,2724.46,0.04
SAMI.VATANEN,209,4575.74,-0.09
SAM.REINHART,241,4281.09,0.18
SAMUEL.GIRARD,154,2905.05,0.09
SCOTT.HARRINGTON,128,1672.52,-0.18
SCOTT.HARTNELL,148,1766.68,0.18
SCOTTIE.UPSHALL,147,1612.96,-0.04
SCOTT.LAUGHTON,166,2135.27,0.14
SCOTT.MAYFIELD,148,2619.87,0.04
SCOTT.WILSON,179,2076.6,0.18
SEAN.COUTURIER,230,4797.17,0.4
SEAN.KURALY,170,2163.07,0.04
SEAN.MONAHAN,237,4365.45,0.27
SEAN.WALKER,38,585.22,0
SEBASTIAN.AHO,239,4362.34,0.18
SERGEY.KALININ,43,550.13,0
SETH.GRIFFITH,45,527.5,-0.09
SETH.JONES,236,5851.97,0.04
SHANE.DOAN,74,1113.55,-0.32
SHANE.PRINCE,64,816.56,-0.09
SHAWN.MATTHIAS,72,911.87,-0.04
SHAYNE.GOSTISBEHERE,235,4764.77,0.09
SHEA.THEODORE,206,4038.78,0.18
SHEA.WEBER,165,4074.64,0.18
SIDNEY.CROSBY,270,5509.62,0.63
SLATER.KOEKKOEK,92,1211.39,-0.09
SONNY.MILANO,58,660.63,0.63
STEFAN.NOESEN,160,2014.17,-0.04
STEPHEN.JOHNS,136,2429.46,0.04
STEVEN.KAMPFER,66,1002.1,-0.09
STEVEN.SANTINI,111,1952.92,-0.18
STEVEN.STAMKOS,192,3532.48,0.72
STEVE.OTT,59,644.72,-0.14
SVEN.ANDRIGHETTO,162,2109.7,0.14
SVEN.BAERTSCHI,145,2265.13,0.22
TAGE.THOMPSON,106,1277.33,-0.04
TANNER.FRITZ,41,500.43,0.04
TANNER.KERO,59,779.88,0.04
TANNER.PEARSON,243,3759.65,0.22
TAYLOR.CHORNEY,43,585.2,-0.22
TAYLOR.FEDUN,86,1178.23,0.18
TAYLOR.HALL,186,3595.2,0.58
TEUVO.TERAVAINEN,242,4110.66,0.18
THOMAS.CHABOT,131,2746.61,0.04
THOMAS.HICKEY,184,3299.25,-0.09
THOMAS.VANEK,217,3088.63,-0.04
TIM.HEED,65,984.45,0.18
TIMO.MEIER,207,3144.07,0.27
TIM.SCHALLER,203,2495.67,0.04
TJ.BRODIE,236,5402.55,0.14
T.J..OSHIE,245,4564.3,0.45
TOBIAS.ENSTROM,114,2228.22,0
TOBIAS.RIEDER,227,3401.1,-0.04
TOMAS.HERTL,219,4011.28,0.09
TOMAS.JURCO,58,674.3,0
TOMAS.NOSEK,161,1866.87,0.09
TOMAS.PLEKANEC,168,2687.87,0
TOMAS.TATAR,248,4090.51,0.32
TOM.KUHNHACKL,183,1985.13,-0.04
TOMMY.WINGELS,160,1748.95,0.14
TOM.PYATT,214,3038.77,-0.09
TOM.WILSON,253,3927.96,0.18
TONY.DEANGELO,92,1687.68,-0.09
TOREY.KRUG,231,4860.96,0.09
TORREY.MITCHELL,145,1734.61,0.09
TRAVIS.BOYD,59,575.73,-0.09
TRAVIS.DERMOTT,107,1777.95,0.14
TRAVIS.HAMONIC,190,3930.71,-0.04
TRAVIS.KONECNY,236,3480.55,0.22
TRAVIS.SANHEIM,132,2363.37,0
TRAVIS.ZAJAC,226,4309.91,0.09
TREVOR.DALEY,197,3928.43,-0.18
TREVOR.LEWIS,196,2856.59,0.09
TREVOR.VAN RIEMSDYK,216,3621.74,0
TROY.BROUWER,227,3241.73,-0.04
TROY.STECHER,214,4182.77,-0.04
TYLER.BERTUZZI,119,1854.83,0.18
TYLER.BOZAK,243,3924.85,0.09
TYLER.ENNIS,175,2031.73,0.14
TYLER.GRAOVAC,52,511.72,-0.04
TYLER.JOHNSON,242,4141.25,0.22
TYLER.MOTTE,152,1833.56,0
TYLER.MYERS,187,3899.6,0
TYLER.PITLICK,156,2005.98,0.14
TYLER.SEGUIN,244,4898.32,0.18
TYLER.TOFFOLI,229,3816.45,0.14
TY.RATTIE,71,857.07,-0.09
TYSON.BARRIE,222,5009.99,-0.04
TYSON.JOST,143,1993.57,0.14
VALERI.NICHUSHKIN,57,679.27,-0.18
VALTTERI.FILPPULA,237,3820.08,0.09
VERNON.FIDDLER,68,759.78,0.04
VICTOR.ANTIPIN,47,718.05,-0.18
VICTOR.HEDMAN,243,5963.23,0
VICTOR.METE,117,1962.46,0.09
VICTOR.RASK,200,3076.88,0
VIKTOR.ARVIDSSON,248,4452.51,0.27
VIKTOR.STALBERG,92,1148.55,0.27
VINCE.DUNN,151,2622.17,0.18
VINCENT.TROCHECK,217,4503.87,0.18
VINNIE.HINOSTROZA,169,2331.91,0.14
VLADIMIR.SOBOTKA,162,2574.47,-0.32
VLADIMIR.TARASENKO,247,4629.92,0.63
VLADISLAV.NAMESTNIKOV,231,3679,0.04
WARREN.FOEGELE,75,943.65,0.04
WAYNE.SIMMONDS,240,4218.92,0.04
WILL.BUTCHER,162,2859.44,0.09
WILLIAM.CARRIER,141,1293.31,0.18
WILLIAM.KARLSSON,267,4607.41,0.54
WILLIAM.NYLANDER,228,3691.72,0.27
XAVIER.OUELLET,129,2117.72,0
YANNICK.WEBER,208,2461.26,-0.04
YANNI.GOURDE,197,3115.1,0.45
YOHANN.AUVITU,58,837.41,-0.14
ZACH.ASTON-REESE,66,838.85,0.18
ZACH.BOGOSIAN,139,2875.43,-0.14
ZACH.HYMAN,246,4216.13,0.22
ZACH.PARISE,193,3449.64,0.09
ZACH.SANFORD,82,1008.33,0.09
ZACH.WERENSKI,243,5389.95,0
ZACK.KASSIAN,243,3141.37,-0.09
ZACK.SMITH,228,3752.12,-0.09
ZAC.RINALDO,76,761.92,-0.27
ZDENO.CHARA,227,5163.98,0
ZEMGUS.GIRGENSONS,216,2911.39,0